scanned_at,buy,sell,buy_price,sell_price,gross_pct,net_pct,profit_fiat,risk,verdict
2026-10-02T17:55:15+03:00,,,,,,,,,NO_ROUTE
2026-10-02T17:55:45+03:00,Binance,Binance,45.21,47.14,4.269,4.119,185.35,36,ALERT
2026-10-02T17:56:15+03:00,,,,,,,,,NO_ROUTE
2026-10-02T17:56:45+03:00,,,,,,,,,NO_ROUTE
2026-10-02T17:57:16+03:00,,,,,,,,,NO_ROUTE
2026-10-02T17:57:46+03:00,,,,,,,,,NO_ROUTE
2026-10-02T17:58:16+03:00,,,,,,,,,NO_ROUTE
2026-10-02T17:58:47+03:00,,,,,,,,,NO_ROUTE
2026-10-02T17:59:17+03:00,,,,,,,,,NO_ROUTE
2026-10-02T17:59:47+03:00,,,,,,,,,NO_ROUTE
2026-10-02T18:00:18+03:00,,,,,,,,,NO_ROUTE
2026-10-02T18:00:48+03:00,,,,,,,,,NO_ROUTE
2026-10-02T18:01:18+03:00,,,,,,,,,NO_ROUTE
2026-10-02T18:01:48+03:00,,,,,,,,,NO_ROUTE
2026-10-02T18:02:19+03:00,,,,,,,,,NO_ROUTE
2026-10-02T18:02:49+03:00,Binance,Binance,45.18,47.01,4.05,3.9,175.52,46,ALERT
2026-10-02T18:03:19+03:00,Binance,Binance,45.18,47.01,4.05,3.9,175.52,46,ALERT
2026-10-02T18:03:50+03:00,Binance,Binance,45.17,47.01,4.074,3.924,176.56,46,ALERT
2026-10-02T18:04:20+03:00,Binance,Binance,45.17,47.01,4.074,3.924,176.56,46,ALERT
2026-10-02T18:04:50+03:00,,,,,,,,,NO_ROUTE
2026-10-02T18:05:21+03:00,,,,,,,,,NO_ROUTE
2026-10-02T18:07:53+03:00,,,,,,,,,NO_ROUTE
2026-10-02T18:08:09+03:00,,,,,,,,,NO_ROUTE
2026-10-02T18:08:25+03:00,,,,,,,,,NO_ROUTE
2026-10-02T18:08:40+03:00,,,,,,,,,NO_ROUTE
2026-10-02T18:08:56+03:00,,,,,,,,,NO_ROUTE
2026-10-02T18:09:11+03:00,,,,,,,,,NO_ROUTE
2026-10-02T18:09:27+03:00,,,,,,,,,NO_ROUTE
2026-10-02T18:09:42+03:00,Binance,Binance,45.1,47.01,4.235,4.085,183.83,20,ALERT
2026-10-02T18:09:58+03:00,,,,,,,,,NO_ROUTE
2026-10-02T18:10:13+03:00,,,,,,,,,NO_ROUTE
2026-10-02T18:10:29+03:00,,,,,,,,,NO_ROUTE
2026-10-02T18:10:45+03:00,,,,,,,,,NO_ROUTE
2026-10-02T18:11:00+03:00,,,,,,,,,NO_ROUTE
2026-10-02T18:11:16+03:00,,,,,,,,,NO_ROUTE
2026-10-02T18:11:51+03:00,Binance,Binance,45.1,48.0,6.43,6.28,282.61,20,ALERT
2026-10-02T18:12:07+03:00,Binance,Binance,45.1,48.0,6.43,6.28,282.61,20,ALERT
2026-10-02T18:12:22+03:00,Binance,Binance,45.1,48.0,6.43,6.28,282.61,20,ALERT
2026-10-02T18:12:38+03:00,Binance,Binance,45.1,48.0,6.43,6.28,282.61,20,ALERT
2026-10-02T18:12:53+03:00,Binance,Binance,45.13,48.0,6.359,6.209,279.42,20,ALERT
2026-10-02T18:13:09+03:00,Binance,Binance,45.13,48.0,6.359,6.209,279.42,20,ALERT
2026-10-02T18:13:25+03:00,Binance,Binance,45.13,48.0,6.359,6.209,279.42,20,ALERT
2026-10-02T18:13:40+03:00,Binance,Binance,44.9,48.0,6.904,6.754,303.94,20,ALERT
2026-10-02T18:13:56+03:00,Binance,Binance,45.1,48.0,6.43,6.28,282.61,20,ALERT
2026-10-02T18:14:11+03:00,Binance,Binance,45.15,48.0,6.312,6.162,277.3,20,ALERT
2026-10-02T18:14:42+03:00,Binance,Binance,44.9,48.0,6.904,6.754,303.94,20,ALERT
2026-10-02T18:14:58+03:00,Binance,Binance,45.1,48.0,6.43,6.28,282.61,20,ALERT
2026-10-02T18:15:13+03:00,Binance,Binance,45.12,48.0,6.383,6.233,280.48,20,ALERT
2026-10-02T18:15:29+03:00,Binance,Binance,45.1,48.0,6.43,6.28,282.61,20,ALERT
2026-10-02T18:15:44+03:00,Binance,Binance,45.1,48.0,6.43,6.28,282.61,20,ALERT
2026-10-02T18:15:59+03:00,Binance,Binance,45.1,48.0,6.43,6.28,282.61,20,ALERT
2026-10-02T18:16:15+03:00,Binance,Binance,45.1,48.0,6.43,6.28,282.61,20,ALERT
2026-10-02T18:16:30+03:00,Binance,Binance,45.1,48.0,6.43,6.28,282.61,20,ALERT
2026-10-02T18:16:46+03:00,Binance,Binance,45.12,48.0,6.383,6.233,280.48,20,ALERT
2026-10-02T18:17:01+03:00,Binance,Binance,45.12,48.0,6.383,6.233,280.48,20,ALERT
2026-10-02T18:17:17+03:00,Binance,Binance,45.12,48.0,6.383,6.233,280.48,20,ALERT
2026-10-02T18:17:32+03:00,Binance,Binance,45.12,48.0,6.383,6.233,280.48,20,ALERT
2026-10-02T18:17:48+03:00,Binance,Binance,45.12,48.0,6.383,6.233,280.48,20,ALERT
2026-10-02T18:18:03+03:00,Binance,Binance,45.1,48.0,6.43,6.28,282.61,20,ALERT
2026-10-02T18:18:18+03:00,Binance,Binance,45.1,48.0,6.43,6.28,282.61,20,ALERT
2026-10-02T18:18:34+03:00,Binance,Binance,45.13,48.0,6.359,6.209,279.42,20,ALERT
2026-10-02T18:18:49+03:00,Binance,Binance,45.14,48.0,6.336,6.186,278.36,20,ALERT
2026-10-02T18:19:05+03:00,Binance,Binance,45.14,48.0,6.336,6.186,278.36,20,ALERT
2026-10-02T18:19:20+03:00,Binance,Binance,45.12,48.0,6.383,6.233,280.48,20,ALERT
2026-10-02T18:32:41+03:00,Binance,Binance,45.12,48.0,6.383,6.233,280.48,20,ALERT
2026-10-02T18:32:57+03:00,Binance,Binance,45.0,48.0,6.667,6.517,293.25,20,ALERT
2026-10-02T18:33:12+03:00,Binance,Binance,45.13,48.0,6.359,6.209,279.42,20,ALERT
2026-10-02T18:33:28+03:00,Binance,Binance,45.12,48.0,6.383,6.233,280.48,20,ALERT
2026-10-02T18:33:43+03:00,Binance,Binance,45.12,48.0,6.383,6.233,280.48,20,ALERT
2026-10-02T18:33:58+03:00,Binance,Binance,45.0,48.0,6.667,6.517,293.25,20,ALERT
2026-10-02T18:34:14+03:00,Binance,Binance,45.11,48.0,6.407,6.257,281.55,20,ALERT
2026-10-02T18:34:29+03:00,Binance,Binance,45.1,48.0,6.43,6.28,282.61,20,ALERT
2026-10-02T18:34:45+03:00,Binance,Binance,45.11,48.0,6.407,6.257,281.55,20,ALERT
2026-10-02T18:35:01+03:00,Binance,Binance,45.12,48.0,6.383,6.233,280.48,20,ALERT
2026-10-02T18:35:16+03:00,Binance,Binance,45.12,48.0,6.383,6.233,280.48,20,ALERT
2026-10-02T18:35:31+03:00,Binance,Binance,45.12,48.0,6.383,6.233,280.48,20,ALERT
2026-10-02T18:35:47+03:00,Binance,Binance,45.11,48.0,6.407,6.257,281.55,20,ALERT
2026-10-02T18:36:02+03:00,Binance,Binance,45.1,48.0,6.43,6.28,282.61,20,ALERT
2026-10-02T18:36:18+03:00,Binance,Binance,45.1,48.0,6.43,6.28,282.61,20,ALERT
2026-10-02T18:36:33+03:00,Binance,Binance,45.12,48.0,6.383,6.233,280.48,20,ALERT
2026-10-02T18:36:49+03:00,Binance,Binance,45.12,48.0,6.383,6.233,280.48,20,ALERT
2026-10-02T18:37:05+03:00,Binance,Binance,45.12,48.0,6.383,6.233,280.48,20,ALERT
2026-10-02T18:41:32+03:00,Binance,Binance,45.1,48.0,6.43,6.28,282.61,20,ALERT
2026-10-02T18:41:47+03:00,Binance,Binance,45.1,48.0,6.43,6.28,282.61,20,ALERT
2026-10-02T18:42:03+03:00,Binance,Binance,45.1,48.0,6.43,6.28,282.61,20,ALERT
2026-10-02T18:42:18+03:00,Binance,Binance,45.1,48.0,6.43,6.28,282.61,20,ALERT
2026-10-02T18:42:33+03:00,Binance,Binance,45.09,48.0,6.454,6.304,283.67,20,ALERT
2026-10-02T18:42:49+03:00,Binance,Binance,45.09,48.0,6.454,6.304,283.67,20,ALERT
2026-10-02T18:43:05+03:00,Binance,Binance,45.09,48.0,6.454,6.304,283.67,20,ALERT
2026-10-02T18:43:20+03:00,Binance,Binance,45.05,48.0,6.548,6.398,287.92,29,ALERT
2026-10-02T18:43:36+03:00,Binance,Binance,45.13,48.0,6.359,6.209,279.42,20,ALERT
2026-10-02T18:43:51+03:00,Binance,Binance,45.1,48.0,6.43,6.28,282.61,20,ALERT
2026-10-02T18:44:06+03:00,Binance,Binance,45.1,48.0,6.43,6.28,282.61,20,ALERT
2026-10-02T18:44:22+03:00,Binance,Binance,45.13,48.0,6.359,6.209,279.42,20,ALERT
2026-10-02T18:44:38+03:00,Binance,Binance,45.13,48.0,6.359,6.209,279.42,20,ALERT
2026-10-02T18:44:53+03:00,Binance,Binance,45.1,48.0,6.43,6.28,282.61,20,ALERT
2026-10-02T18:45:09+03:00,Binance,Binance,45.13,48.0,6.359,6.209,279.42,20,ALERT
2026-10-02T18:45:34+03:00,Binance,Binance,45.1,48.0,6.43,6.28,282.61,20,ALERT
2026-10-02T18:45:50+03:00,Binance,Binance,45.1,48.0,6.43,6.28,282.61,20,ALERT
2026-10-02T18:46:05+03:00,Binance,Binance,45.1,48.0,6.43,6.28,282.61,20,ALERT
2026-10-02T18:46:21+03:00,Binance,Binance,45.1,48.0,6.43,6.28,282.61,20,ALERT
2026-10-02T18:46:36+03:00,Binance,Binance,45.13,48.0,6.359,6.209,279.42,20,ALERT
2026-10-02T18:46:52+03:00,Binance,Binance,45.1,48.0,6.43,6.28,282.61,20,ALERT
2026-10-02T18:47:08+03:00,Binance,Binance,45.1,48.0,6.43,6.28,282.61,20,ALERT
2026-10-02T18:47:23+03:00,Binance,Binance,45.09,48.0,6.454,6.304,283.67,20,ALERT
2026-10-02T18:47:38+03:00,Binance,Binance,45.09,48.0,6.454,6.304,283.67,20,ALERT
2026-10-02T18:47:54+03:00,Binance,Binance,45.12,48.0,6.383,6.233,280.48,20,ALERT
2026-10-02T18:48:09+03:00,Binance,Binance,45.1,48.0,6.43,6.28,282.61,20,ALERT
2026-10-02T18:48:24+03:00,Binance,Binance,45.1,48.0,6.43,6.28,282.61,20,ALERT
2026-10-02T18:48:39+03:00,Binance,Binance,45.1,48.0,6.43,6.28,282.61,20,ALERT
2026-10-02T18:48:55+03:00,Binance,Binance,45.1,48.0,6.43,6.28,282.61,20,ALERT
2026-10-02T18:49:11+03:00,Binance,Binance,45.13,48.0,6.359,6.209,279.42,20,ALERT
2026-10-02T18:49:26+03:00,Binance,Binance,45.13,48.0,6.359,6.209,279.42,20,ALERT
2026-10-02T18:49:42+03:00,Binance,Binance,45.12,48.0,6.383,6.233,280.48,20,ALERT
2026-10-02T18:49:57+03:00,Binance,Binance,45.12,48.0,6.383,6.233,280.48,20,ALERT
2026-10-02T18:53:11+03:00,Binance,Binance,45.1,48.0,6.43,6.28,282.61,20,ALERT
2026-10-02T18:53:27+03:00,Binance,Binance,45.1,48.0,6.43,6.28,282.61,20,ALERT
2026-10-02T18:53:42+03:00,Binance,Binance,45.12,48.0,6.383,6.233,280.48,20,ALERT
2026-10-02T18:53:58+03:00,Binance,Binance,45.18,48.0,6.242,6.092,274.13,20,ALERT
2026-10-02T18:54:14+03:00,Binance,Binance,45.13,48.0,6.359,6.209,279.42,20,ALERT
2026-10-02T18:54:44+03:00,Binance,Binance,45.12,48.0,6.383,6.233,280.48,20,ALERT
2026-10-02T18:54:59+03:00,Binance,Binance,45.13,48.0,6.359,6.209,279.42,20,ALERT
2026-10-02T18:55:15+03:00,Binance,Binance,45.12,48.0,6.383,6.233,280.48,20,ALERT
2026-10-02T18:55:31+03:00,Binance,Binance,45.1,48.0,6.43,6.28,282.61,20,ALERT
2026-10-02T18:55:46+03:00,Binance,Binance,45.1,48.0,6.43,6.28,282.61,20,ALERT
2026-10-02T18:56:01+03:00,Binance,Binance,45.09,48.0,6.454,6.304,283.67,20,ALERT
2026-10-02T18:56:17+03:00,Binance,Binance,45.1,48.0,6.43,6.28,282.61,20,ALERT
2026-10-02T18:56:32+03:00,Binance,Binance,45.1,48.0,6.43,6.28,282.61,20,ALERT
2026-10-02T18:56:48+03:00,Binance,Binance,45.1,48.0,6.43,6.28,282.61,20,ALERT
2026-10-02T18:57:04+03:00,Binance,Binance,45.13,48.0,6.359,6.209,279.42,20,ALERT
2026-10-02T18:57:19+03:00,Binance,Binance,45.1,48.0,6.43,6.28,282.61,20,ALERT
2026-10-02T18:57:35+03:00,Binance,Binance,45.1,48.0,6.43,6.28,282.61,20,ALERT
2026-10-02T18:57:50+03:00,Binance,Binance,45.1,48.0,6.43,6.28,282.61,20,ALERT
2026-10-02T18:58:05+03:00,Binance,Binance,45.1,48.0,6.43,6.28,282.61,20,ALERT
2026-10-02T18:58:21+03:00,Binance,Binance,45.1,48.0,6.43,6.28,282.61,20,ALERT
2026-10-02T18:58:36+03:00,Binance,Binance,45.12,48.0,6.383,6.233,280.48,20,ALERT
2026-10-02T18:58:52+03:00,Binance,Binance,45.14,48.0,6.336,6.186,278.36,20,ALERT
2026-10-02T18:59:08+03:00,Binance,Binance,45.14,48.0,6.336,6.186,278.36,20,ALERT
2026-10-02T18:59:23+03:00,Binance,Binance,45.1,48.0,6.43,6.28,282.61,20,ALERT
2026-10-02T19:03:37+03:00,MEXC,Binance,42.8,48.0,12.15,10.933,491.98,59,ALERT
2026-10-02T19:03:55+03:00,MEXC,Binance,42.8,48.0,12.15,10.933,491.98,59,ALERT
2026-10-02T19:04:13+03:00,MEXC,Binance,42.8,48.0,12.15,10.933,491.98,59,ALERT
2026-10-02T19:04:30+03:00,MEXC,Binance,42.8,48.0,12.15,10.933,491.98,59,ALERT
2026-10-02T19:04:47+03:00,MEXC,Binance,42.8,48.0,12.15,10.933,491.98,59,ALERT
2026-10-02T19:05:05+03:00,MEXC,Binance,42.8,48.0,12.15,10.933,491.98,59,ALERT
2026-10-02T19:05:22+03:00,MEXC,Binance,42.8,48.0,12.15,10.933,491.98,59,ALERT
2026-10-02T19:05:39+03:00,MEXC,Binance,42.8,48.0,12.15,10.933,491.98,59,ALERT
2026-10-02T19:05:56+03:00,MEXC,Binance,42.8,48.0,12.15,10.933,491.98,59,ALERT
2026-10-02T19:06:14+03:00,MEXC,Binance,42.8,48.0,12.15,10.933,491.98,59,ALERT
2026-10-02T19:06:31+03:00,MEXC,Binance,42.8,48.0,12.15,10.933,491.98,59,ALERT
2026-10-02T19:06:48+03:00,MEXC,Binance,42.8,48.0,12.15,10.933,491.98,59,ALERT
2026-10-02T19:07:04+03:00,MEXC,Binance,42.8,48.0,12.15,10.933,491.98,59,ALERT
2026-10-02T19:07:21+03:00,MEXC,Binance,42.8,48.0,12.15,10.933,491.98,59,ALERT
2026-10-02T19:07:38+03:00,MEXC,Binance,42.8,48.0,12.15,10.933,491.98,59,ALERT
2026-10-02T19:07:56+03:00,MEXC,Binance,42.8,48.0,12.15,10.933,491.98,59,ALERT
2026-10-02T19:08:12+03:00,MEXC,Binance,42.8,48.0,12.15,10.933,491.98,59,ALERT
2026-10-02T19:17:53+03:00,MEXC,Binance,42.8,48.1,12.383,11.164,502.39,59,ALERT
2026-10-02T19:18:12+03:00,MEXC,Binance,42.8,48.1,12.383,11.164,502.39,59,ALERT
2026-10-02T19:18:31+03:00,MEXC,Binance,42.8,48.1,12.383,11.164,502.39,59,ALERT
2026-10-02T19:18:49+03:00,MEXC,Binance,42.8,48.1,12.383,11.164,502.39,59,ALERT
2026-10-02T19:19:07+03:00,MEXC,Binance,42.8,48.1,12.383,11.164,502.39,59,ALERT
2026-10-02T19:19:26+03:00,MEXC,Binance,42.8,48.1,12.383,11.164,502.39,59,ALERT
2026-10-02T19:19:44+03:00,MEXC,Binance,42.8,48.1,12.383,11.164,502.39,59,ALERT
2026-10-02T19:20:03+03:00,MEXC,Binance,42.8,48.1,12.383,11.164,502.39,59,ALERT
2026-10-02T19:20:22+03:00,MEXC,Binance,42.8,48.1,12.383,11.164,502.39,59,ALERT
2026-10-02T19:20:40+03:00,MEXC,Binance,42.8,48.1,12.383,11.164,502.39,59,ALERT
2026-10-02T19:20:58+03:00,MEXC,Binance,42.8,48.1,12.383,11.164,502.39,59,ALERT
2026-10-02T19:21:17+03:00,MEXC,Binance,42.8,48.1,12.383,11.164,502.39,59,ALERT
2026-10-02T19:21:35+03:00,MEXC,Binance,42.8,48.1,12.383,11.164,502.39,59,ALERT
2026-10-02T19:21:54+03:00,MEXC,Binance,42.8,48.1,12.383,11.164,502.39,59,ALERT
2026-10-02T19:22:12+03:00,MEXC,Binance,42.8,48.1,12.383,11.164,502.39,59,ALERT
2026-10-02T19:30:30+03:00,MEXC,Binance,43.96,47.14,7.234,6.036,271.63,59,ALERT
2026-10-02T19:30:53+03:00,MEXC,Binance,43.96,47.14,7.234,6.036,271.63,59,ALERT
2026-10-02T19:31:14+03:00,MEXC,Binance,43.96,47.13,7.211,6.014,270.62,59,ALERT
2026-10-02T19:31:35+03:00,MEXC,Binance,43.96,47.13,7.211,6.014,270.62,59,ALERT
2026-10-02T19:31:57+03:00,MEXC,Binance,43.96,47.13,7.211,6.014,270.62,59,ALERT
2026-10-02T19:32:18+03:00,MEXC,Binance,43.96,47.13,7.211,6.014,270.62,59,ALERT
2026-10-02T19:32:39+03:00,MEXC,Binance,43.96,47.13,7.211,6.014,270.62,59,ALERT
2026-10-02T19:33:00+03:00,MEXC,OKX,43.96,46.8,6.46,5.27,237.17,59,ALERT
2026-10-02T19:33:20+03:00,MEXC,OKX,43.96,46.8,6.46,5.27,237.17,59,ALERT
2026-10-02T19:33:41+03:00,MEXC,OKX,43.96,46.8,6.46,5.27,237.17,59,ALERT
2026-10-02T19:34:03+03:00,MEXC,OKX,43.96,46.8,6.46,5.27,237.17,59,ALERT
2026-10-02T19:34:24+03:00,MEXC,OKX,43.96,46.8,6.46,5.27,237.17,59,ALERT
2026-10-02T19:34:45+03:00,MEXC,OKX,43.96,46.8,6.46,5.27,237.17,59,ALERT
2026-10-02T19:46:45+03:00,MEXC,OKX,43.96,46.8,6.46,5.27,237.17,59,ALERT
2026-10-02T19:47:06+03:00,MEXC,Binance,43.96,47.11,7.166,5.969,268.59,59,ALERT
2026-10-02T19:47:28+03:00,MEXC,Binance,43.96,47.11,7.166,5.969,268.59,59,ALERT
2026-10-02T19:48:17+03:00,MEXC,OKX,43.96,46.8,6.46,5.27,237.17,59,ALERT
2026-10-02T19:48:39+03:00,MEXC,OKX,43.96,46.8,6.46,5.27,237.17,59,ALERT
2026-10-02T19:48:59+03:00,MEXC,Binance,43.96,47.06,7.052,5.856,263.52,59,ALERT
2026-10-02T19:49:48+03:00,MEXC,OKX,43.96,46.8,6.46,5.27,237.17,59,ALERT
2026-10-02T19:50:10+03:00,MEXC,OKX,43.96,46.8,6.46,5.27,237.17,59,ALERT
2026-10-02T19:50:31+03:00,MEXC,OKX,43.96,46.8,6.46,5.27,237.17,59,ALERT
2026-10-02T19:50:51+03:00,MEXC,Binance,43.96,47.06,7.052,5.856,263.52,59,ALERT
2026-10-02T19:51:11+03:00,MEXC,OKX,43.96,46.8,6.46,5.27,237.17,59,ALERT
2026-10-02T19:51:31+03:00,MEXC,OKX,43.96,46.8,6.46,5.27,237.17,59,ALERT
2026-10-02T19:51:51+03:00,MEXC,OKX,43.96,46.8,6.46,5.27,237.17,59,ALERT
2026-10-02T19:52:38+03:00,MEXC,Binance,43.96,47.11,7.166,5.969,268.59,59,ALERT
2026-10-02T19:53:00+03:00,MEXC,OKX,43.96,46.8,6.46,5.27,237.17,59,ALERT
2026-10-02T19:53:21+03:00,MEXC,Binance,43.96,47.11,7.166,5.969,268.59,59,ALERT
2026-10-02T19:53:42+03:00,MEXC,Binance,43.96,47.11,7.166,5.969,268.59,59,ALERT
2026-10-02T19:54:03+03:00,MEXC,Binance,43.96,47.11,7.166,5.969,268.59,59,ALERT
2026-10-02T19:54:23+03:00,MEXC,OKX,43.96,46.8,6.46,5.27,237.17,59,ALERT
2026-10-02T19:54:44+03:00,MEXC,OKX,43.96,46.8,6.46,5.27,237.17,59,ALERT
2026-10-02T19:55:22+03:00,MEXC,OKX,43.96,46.8,6.46,5.27,237.17,59,ALERT
2026-10-02T19:55:45+03:00,MEXC,OKX,43.96,46.8,6.46,5.27,237.17,59,ALERT
2026-10-02T19:56:05+03:00,MEXC,OKX,43.96,46.8,6.46,5.27,237.17,59,ALERT
2026-10-02T19:56:27+03:00,MEXC,OKX,43.96,46.8,6.46,5.27,237.17,59,ALERT
2026-10-02T19:56:47+03:00,MEXC,OKX,43.96,46.8,6.46,5.27,237.17,59,ALERT
2026-10-02T19:57:07+03:00,MEXC,Binance,43.96,47.23,7.439,6.239,280.76,59,ALERT
2026-10-02T19:57:29+03:00,MEXC,Binance,43.96,47.23,7.439,6.239,280.76,59,ALERT
2026-10-02T19:57:49+03:00,MEXC,Binance,43.96,47.23,7.439,6.239,280.76,59,ALERT
2026-10-02T19:58:09+03:00,MEXC,Binance,43.96,47.23,7.439,6.239,280.76,59,ALERT
2026-10-02T19:58:30+03:00,MEXC,Binance,43.96,47.23,7.439,6.239,280.76,59,ALERT
2026-10-02T19:58:50+03:00,MEXC,Binance,43.96,47.23,7.439,6.239,280.76,59,ALERT
2026-10-02T19:59:10+03:00,MEXC,Binance,43.96,47.23,7.439,6.239,280.76,59,ALERT
2026-10-02T19:59:31+03:00,MEXC,Binance,43.96,47.23,7.439,6.239,280.76,59,ALERT
2026-10-02T19:59:52+03:00,MEXC,Binance,43.96,47.23,7.439,6.239,280.76,59,ALERT
2026-10-02T20:03:01+03:00,MEXC,Binance,43.96,47.25,7.484,6.284,282.78,59,ALERT
2026-10-02T20:03:22+03:00,MEXC,Binance,43.96,47.25,7.484,6.284,282.78,59,ALERT
2026-10-02T20:03:43+03:00,MEXC,Binance,43.96,47.25,7.484,6.284,282.78,59,ALERT
2026-10-02T20:04:05+03:00,MEXC,Binance,43.96,47.25,7.484,6.284,282.78,59,ALERT
2026-10-02T20:04:25+03:00,MEXC,Binance,43.96,47.25,7.484,6.284,282.78,59,ALERT
2026-10-02T20:04:46+03:00,MEXC,Binance,43.96,47.25,7.484,6.284,282.78,59,ALERT
2026-10-02T20:05:06+03:00,MEXC,Binance,43.96,47.25,7.484,6.284,282.78,59,ALERT
2026-10-02T20:05:26+03:00,MEXC,Binance,43.96,47.25,7.484,6.284,282.78,59,ALERT
2026-10-02T20:05:47+03:00,MEXC,Binance,43.96,47.25,7.484,6.284,282.78,59,ALERT
2026-10-02T20:06:08+03:00,MEXC,Binance,43.96,47.25,7.484,6.284,282.78,59,ALERT
2026-10-02T20:06:28+03:00,MEXC,Binance,43.96,47.25,7.484,6.284,282.78,59,ALERT
2026-10-02T20:06:48+03:00,MEXC,Binance,43.96,47.25,7.484,6.284,282.78,59,ALERT
2026-10-02T20:07:09+03:00,MEXC,Binance,43.96,47.27,7.53,6.329,284.81,59,ALERT
2026-10-02T20:07:30+03:00,MEXC,Binance,43.96,47.27,7.53,6.329,284.81,59,ALERT
2026-10-02T21:02:18+03:00,OKX,OKX,45.73,47.02,2.821,2.671,120.19,34,ALERT
2026-10-02T21:02:42+03:00,OKX,OKX,45.73,47.02,2.821,2.671,120.19,34,ALERT
2026-10-02T21:03:03+03:00,OKX,OKX,45.73,47.02,2.821,2.671,120.19,34,ALERT
2026-10-02T21:03:49+03:00,OKX,OKX,45.73,47.02,2.821,2.671,120.19,34,ALERT
2026-10-02T21:04:10+03:00,OKX,OKX,45.73,47.02,2.821,2.671,120.19,34,ALERT
2026-10-02T21:04:29+03:00,OKX,OKX,45.73,47.02,2.821,2.671,120.19,34,ALERT
2026-10-02T21:04:49+03:00,OKX,OKX,45.73,47.02,2.821,2.671,120.19,34,ALERT
2026-10-02T21:05:08+03:00,OKX,OKX,45.73,47.02,2.821,2.671,120.19,34,ALERT
2026-10-02T21:05:28+03:00,OKX,OKX,45.73,47.02,2.821,2.671,120.19,34,ALERT
2026-10-02T21:05:47+03:00,OKX,OKX,45.73,47.02,2.821,2.671,120.19,34,ALERT
2026-10-02T21:06:07+03:00,OKX,OKX,45.73,47.02,2.821,2.671,120.19,34,ALERT
2026-10-02T21:06:27+03:00,OKX,OKX,45.73,47.02,2.821,2.671,120.19,34,ALERT
2026-10-02T21:06:47+03:00,OKX,OKX,45.73,47.02,2.821,2.671,120.19,34,ALERT
2026-10-02T21:07:08+03:00,OKX,OKX,45.73,47.02,2.821,2.671,120.19,34,ALERT
2026-10-02T21:07:28+03:00,OKX,OKX,45.73,47.02,2.821,2.671,120.19,34,ALERT
2026-10-02T21:07:48+03:00,OKX,OKX,45.73,47.02,2.821,2.671,120.19,34,ALERT
2026-10-02T21:08:07+03:00,OKX,OKX,45.73,47.02,2.821,2.671,120.19,34,ALERT
2026-10-02T21:08:56+03:00,OKX,OKX,45.73,47.02,2.821,2.671,120.19,34,ALERT
2026-10-02T21:09:18+03:00,OKX,OKX,45.73,47.02,2.821,2.671,120.19,34,ALERT
2026-10-02T21:09:38+03:00,OKX,OKX,45.73,47.02,2.821,2.671,120.19,34,ALERT
2026-10-02T21:09:58+03:00,OKX,OKX,45.73,47.02,2.821,2.671,120.19,34,ALERT
2026-10-02T21:10:18+03:00,OKX,OKX,45.73,47.02,2.821,2.671,120.19,34,ALERT
2026-10-02T21:10:38+03:00,OKX,OKX,45.73,47.02,2.821,2.671,120.19,34,ALERT
2026-10-02T21:10:58+03:00,OKX,OKX,45.73,47.02,2.821,2.671,120.19,34,ALERT
2026-10-02T21:11:18+03:00,OKX,OKX,45.73,47.02,2.821,2.671,120.19,34,ALERT
2026-10-02T21:11:38+03:00,OKX,OKX,45.73,47.02,2.821,2.671,120.19,34,ALERT
2026-10-02T21:11:57+03:00,OKX,OKX,45.73,47.02,2.821,2.671,120.19,34,ALERT
2026-10-02T21:12:18+03:00,OKX,OKX,45.73,47.02,2.821,2.671,120.19,34,ALERT
2026-10-02T21:12:37+03:00,OKX,OKX,45.73,47.02,2.821,2.671,120.19,34,ALERT
2026-10-02T21:12:57+03:00,OKX,OKX,45.73,47.02,2.821,2.671,120.19,34,ALERT
2026-10-02T21:13:16+03:00,OKX,OKX,45.73,47.02,2.821,2.671,120.19,34,ALERT
2026-10-02T21:47:39+03:00,OKX,OKX,45.7,47.02,2.888,2.738,123.23,34,ALERT
2026-10-02T21:48:03+03:00,OKX,OKX,45.7,47.02,2.888,2.738,123.23,34,ALERT
2026-10-02T21:48:23+03:00,OKX,OKX,45.7,47.02,2.888,2.738,123.23,34,ALERT
2026-10-02T21:48:43+03:00,OKX,OKX,45.7,47.02,2.888,2.738,123.23,34,ALERT
2026-10-02T21:49:04+03:00,OKX,OKX,45.7,47.02,2.888,2.738,123.23,34,ALERT
2026-10-02T21:49:24+03:00,OKX,OKX,45.7,47.02,2.888,2.738,123.23,34,ALERT
2026-10-02T21:49:45+03:00,OKX,OKX,45.7,47.02,2.888,2.738,123.23,34,ALERT
2026-10-02T21:50:06+03:00,OKX,OKX,45.7,47.02,2.888,2.738,123.23,34,ALERT
2026-10-02T21:50:26+03:00,OKX,OKX,45.7,47.02,2.888,2.738,123.23,34,ALERT
2026-10-02T21:50:46+03:00,OKX,OKX,45.7,47.02,2.888,2.738,123.23,34,ALERT
2026-10-02T21:51:07+03:00,OKX,OKX,45.7,47.02,2.888,2.738,123.23,34,ALERT
2026-10-02T21:51:27+03:00,OKX,OKX,45.7,47.02,2.888,2.738,123.23,34,ALERT
2026-10-02T21:51:48+03:00,OKX,OKX,45.7,47.02,2.888,2.738,123.23,34,ALERT
2026-10-02T21:52:08+03:00,OKX,OKX,45.7,47.02,2.888,2.738,123.23,34,ALERT
2026-10-02T22:02:28+03:00,OKX,OKX,45.7,47.02,2.888,2.738,123.23,34,ALERT
2026-10-02T22:02:49+03:00,OKX,OKX,45.7,47.02,2.888,2.738,123.23,34,ALERT
2026-10-02T22:03:08+03:00,OKX,OKX,45.7,47.02,2.888,2.738,123.23,34,ALERT
2026-10-02T22:03:28+03:00,OKX,OKX,45.7,47.02,2.888,2.738,123.23,34,ALERT
2026-10-02T22:03:47+03:00,OKX,OKX,45.7,47.02,2.888,2.738,123.23,34,ALERT
2026-10-02T22:04:07+03:00,OKX,OKX,45.7,47.02,2.888,2.738,123.23,34,ALERT
2026-10-02T22:04:26+03:00,OKX,OKX,45.7,47.02,2.888,2.738,123.23,34,ALERT
2026-10-02T22:05:08+03:00,OKX,OKX,45.7,47.02,2.888,2.738,123.23,34,ALERT
2026-10-02T22:05:29+03:00,OKX,OKX,45.7,47.02,2.888,2.738,123.23,34,ALERT
2026-10-02T22:05:49+03:00,OKX,OKX,45.7,47.02,2.888,2.738,123.23,34,ALERT
2026-10-02T22:06:41+03:00,OKX,OKX,45.69,47.02,2.911,2.761,124.24,34,ALERT
2026-10-02T22:07:03+03:00,OKX,OKX,45.69,47.02,2.911,2.761,124.24,34,ALERT
2026-10-02T22:07:23+03:00,OKX,OKX,45.69,47.02,2.911,2.761,124.24,34,ALERT
2026-10-02T22:07:42+03:00,OKX,OKX,45.69,47.02,2.911,2.761,124.24,34,ALERT
2026-10-02T22:08:02+03:00,OKX,OKX,45.69,47.02,2.911,2.761,124.24,34,ALERT
2026-10-02T22:08:22+03:00,OKX,OKX,45.69,47.02,2.911,2.761,124.24,34,ALERT
2026-10-02T22:08:43+03:00,OKX,OKX,45.69,47.02,2.911,2.761,124.24,34,ALERT
2026-10-02T22:09:42+03:00,OKX,OKX,45.69,47.02,2.911,2.761,124.24,34,ALERT
2026-10-02T22:10:04+03:00,OKX,OKX,45.69,47.02,2.911,2.761,124.24,34,ALERT
2026-10-02T22:10:24+03:00,OKX,OKX,45.69,47.02,2.911,2.761,124.24,34,ALERT
2026-10-02T22:11:19+03:00,OKX,OKX,45.69,47.02,2.911,2.761,124.24,34,ALERT
2026-10-02T22:11:40+03:00,OKX,OKX,45.69,47.02,2.911,2.761,124.24,34,ALERT
2026-10-02T22:11:59+03:00,OKX,OKX,45.69,47.02,2.911,2.761,124.24,34,ALERT
2026-10-02T22:12:19+03:00,OKX,OKX,45.69,47.02,2.911,2.761,124.24,34,ALERT
2026-10-02T22:12:38+03:00,OKX,OKX,45.69,47.02,2.911,2.761,124.24,34,ALERT
2026-10-02T22:12:58+03:00,OKX,OKX,45.69,47.02,2.911,2.761,124.24,34,ALERT
2026-10-02T22:13:18+03:00,OKX,OKX,45.69,47.02,2.911,2.761,124.24,34,ALERT
2026-10-02T22:13:38+03:00,OKX,OKX,45.69,47.02,2.911,2.761,124.24,34,ALERT
2026-10-02T22:13:57+03:00,OKX,OKX,45.69,47.02,2.911,2.761,124.24,34,ALERT
2026-10-02T22:14:17+03:00,OKX,OKX,45.69,47.02,2.911,2.761,124.24,34,ALERT
2026-10-02T22:14:37+03:00,OKX,OKX,45.69,47.02,2.911,2.761,124.24,34,ALERT
2026-10-02T22:15:20+03:00,OKX,OKX,45.69,47.02,2.911,2.761,124.24,34,ALERT
2026-10-02T22:15:42+03:00,OKX,OKX,45.69,47.02,2.911,2.761,124.24,34,ALERT
2026-10-02T22:16:02+03:00,OKX,OKX,45.69,47.02,2.911,2.761,124.24,34,ALERT
2026-10-02T22:16:22+03:00,OKX,OKX,45.69,47.02,2.911,2.761,124.24,34,ALERT
2026-10-02T22:16:42+03:00,OKX,OKX,45.69,47.02,2.911,2.761,124.24,34,ALERT
2026-10-02T22:17:02+03:00,OKX,OKX,45.73,47.02,2.821,2.671,120.19,34,ALERT
2026-10-02T22:17:22+03:00,OKX,OKX,45.69,47.02,2.911,2.761,124.24,34,ALERT
2026-10-02T22:17:42+03:00,OKX,OKX,45.73,47.02,2.821,2.671,120.19,34,ALERT
2026-10-02T22:18:01+03:00,OKX,OKX,45.73,47.02,2.821,2.671,120.19,34,ALERT
2026-10-02T22:18:22+03:00,OKX,OKX,45.73,47.02,2.821,2.671,120.19,34,ALERT
2026-10-02T22:18:42+03:00,OKX,OKX,45.69,47.02,2.911,2.761,124.24,34,ALERT
2026-10-02T22:19:02+03:00,OKX,OKX,45.73,47.02,2.821,2.671,120.19,34,ALERT
2026-10-02T22:19:22+03:00,OKX,OKX,45.73,47.02,2.821,2.671,120.19,34,ALERT
2026-10-02T22:19:42+03:00,OKX,OKX,45.73,47.02,2.821,2.671,120.19,34,ALERT
2026-10-02T22:33:21+03:00,OKX,OKX,45.73,47.02,2.821,2.671,120.19,34,ALERT
2026-10-02T22:33:42+03:00,OKX,OKX,45.73,47.02,2.821,2.671,120.19,34,ALERT
2026-10-02T22:34:02+03:00,OKX,OKX,45.73,47.02,2.821,2.671,120.19,34,ALERT
2026-10-02T22:34:22+03:00,OKX,OKX,45.73,47.02,2.821,2.671,120.19,34,ALERT
2026-10-02T22:34:41+03:00,OKX,OKX,45.73,47.02,2.821,2.671,120.19,34,ALERT
2026-10-02T22:35:01+03:00,OKX,OKX,45.73,47.02,2.821,2.671,120.19,34,ALERT
2026-10-02T22:35:21+03:00,OKX,OKX,45.73,47.02,2.821,2.671,120.19,34,ALERT
2026-10-02T22:35:41+03:00,OKX,OKX,45.73,47.02,2.821,2.671,120.19,34,ALERT
2026-10-02T22:36:01+03:00,OKX,OKX,45.73,47.02,2.821,2.671,120.19,34,ALERT
2026-10-02T22:36:21+03:00,OKX,OKX,45.73,47.02,2.821,2.671,120.19,34,ALERT
2026-10-02T22:36:41+03:00,OKX,OKX,45.73,47.02,2.821,2.671,120.19,34,ALERT
2026-10-02T22:37:29+03:00,OKX,OKX,45.73,47.02,2.821,2.671,120.19,34,ALERT
2026-10-02T22:37:51+03:00,OKX,OKX,45.73,47.02,2.821,2.671,120.19,34,ALERT
2026-10-02T22:38:12+03:00,OKX,OKX,45.73,47.02,2.821,2.671,120.19,34,ALERT
2026-10-02T22:38:32+03:00,OKX,OKX,45.73,47.02,2.821,2.671,120.19,34,ALERT
2026-10-02T22:38:54+03:00,OKX,OKX,45.73,47.02,2.821,2.671,120.19,34,ALERT
2026-10-02T22:39:14+03:00,OKX,OKX,45.73,47.02,2.821,2.671,120.19,34,ALERT
2026-10-02T22:39:35+03:00,OKX,OKX,45.73,47.02,2.821,2.671,120.19,34,ALERT
2026-10-02T22:40:07+03:00,OKX,OKX,45.73,47.02,2.821,2.671,120.19,34,ALERT
2026-10-02T22:40:28+03:00,OKX,OKX,45.73,47.02,2.821,2.671,120.19,34,ALERT
2026-10-02T22:40:49+03:00,OKX,OKX,45.73,47.02,2.821,2.671,120.19,34,ALERT
2026-10-02T22:41:09+03:00,OKX,OKX,45.73,47.02,2.821,2.671,120.19,34,ALERT
2026-10-02T22:41:28+03:00,OKX,OKX,45.73,47.02,2.821,2.671,120.19,34,ALERT
2026-10-02T22:41:48+03:00,OKX,OKX,45.73,47.02,2.821,2.671,120.19,34,ALERT
2026-10-02T22:42:07+03:00,OKX,OKX,45.73,47.02,2.821,2.671,120.19,34,ALERT
2026-10-02T22:42:27+03:00,OKX,OKX,45.73,47.02,2.821,2.671,120.19,34,ALERT
2026-10-02T22:42:57+03:00,OKX,OKX,45.73,47.02,2.821,2.671,120.19,34,ALERT
2026-10-02T22:43:17+03:00,OKX,OKX,45.73,47.02,2.821,2.671,120.19,34,ALERT
2026-10-02T22:43:37+03:00,OKX,OKX,45.73,47.02,2.821,2.671,120.19,34,ALERT
2026-10-02T22:43:56+03:00,OKX,OKX,45.73,47.02,2.821,2.671,120.19,34,ALERT
2026-10-02T22:44:15+03:00,OKX,OKX,45.73,47.02,2.821,2.671,120.19,34,ALERT
2026-10-02T22:44:35+03:00,OKX,OKX,45.73,47.02,2.821,2.671,120.19,34,ALERT
2026-10-02T22:44:53+03:00,OKX,OKX,45.73,47.02,2.821,2.671,120.19,34,ALERT
2026-10-02T22:45:12+03:00,OKX,OKX,45.73,47.02,2.821,2.671,120.19,34,ALERT
2026-10-02T22:45:46+03:00,OKX,OKX,45.73,47.02,2.821,2.671,120.19,34,ALERT
2026-10-02T22:46:06+03:00,OKX,OKX,45.73,47.02,2.821,2.671,120.19,34,ALERT
2026-10-02T22:46:25+03:00,OKX,OKX,45.73,47.02,2.821,2.671,120.19,34,ALERT
2026-10-02T22:46:44+03:00,OKX,OKX,45.73,47.02,2.821,2.671,120.19,34,ALERT
2026-10-02T22:47:20+03:00,OKX,OKX,45.73,47.02,2.821,2.671,120.19,34,ALERT
2026-10-02T22:47:40+03:00,OKX,OKX,45.73,47.02,2.821,2.671,120.19,34,ALERT
2026-10-02T22:48:00+03:00,OKX,OKX,45.73,47.02,2.821,2.671,120.19,34,ALERT
2026-10-02T22:48:19+03:00,OKX,OKX,45.73,47.02,2.821,2.671,120.19,34,ALERT
2026-10-02T22:48:39+03:00,OKX,OKX,45.73,47.02,2.821,2.671,120.19,34,ALERT
2026-10-02T22:48:57+03:00,OKX,OKX,45.73,47.02,2.821,2.671,120.19,34,ALERT
2026-10-02T22:49:16+03:00,OKX,OKX,45.73,47.02,2.821,2.671,120.19,34,ALERT
2026-10-02T22:49:36+03:00,OKX,OKX,45.69,47.02,2.911,2.761,124.24,34,ALERT
2026-10-02T22:49:56+03:00,OKX,OKX,45.69,47.02,2.911,2.761,124.24,34,ALERT
2026-10-02T22:50:15+03:00,OKX,OKX,45.69,47.02,2.911,2.761,124.24,34,ALERT
2026-10-02T22:50:33+03:00,OKX,OKX,45.69,47.02,2.911,2.761,124.24,34,ALERT
2026-10-02T22:51:21+03:00,OKX,OKX,45.69,47.02,2.911,2.761,124.24,34,ALERT
2026-10-02T22:51:41+03:00,OKX,OKX,45.69,47.02,2.911,2.761,124.24,34,ALERT
2026-10-02T22:52:01+03:00,OKX,OKX,45.69,47.02,2.911,2.761,124.24,34,ALERT
2026-10-02T22:52:20+03:00,OKX,OKX,45.69,47.02,2.911,2.761,124.24,34,ALERT
2026-10-02T22:52:39+03:00,OKX,OKX,45.69,47.02,2.911,2.761,124.24,34,ALERT
2026-10-02T22:52:58+03:00,OKX,OKX,45.69,47.02,2.911,2.761,124.24,34,ALERT
2026-10-02T22:53:16+03:00,OKX,OKX,45.69,47.02,2.911,2.761,124.24,34,ALERT
2026-10-02T22:53:36+03:00,OKX,OKX,45.69,47.02,2.911,2.761,124.24,34,ALERT
2026-10-02T22:53:55+03:00,OKX,OKX,45.69,47.02,2.911,2.761,124.24,34,ALERT
2026-10-02T22:54:14+03:00,OKX,OKX,45.69,47.02,2.911,2.761,124.24,34,ALERT
2026-10-02T22:54:32+03:00,OKX,OKX,45.69,47.02,2.911,2.761,124.24,34,ALERT
2026-10-02T22:55:22+03:00,OKX,OKX,45.69,47.02,2.911,2.761,124.24,34,ALERT
2026-10-02T22:55:43+03:00,OKX,OKX,45.69,47.02,2.911,2.761,124.24,34,ALERT
2026-10-02T22:56:02+03:00,OKX,OKX,45.69,47.02,2.911,2.761,124.24,34,ALERT
2026-10-02T22:56:51+03:00,OKX,OKX,45.69,47.02,2.911,2.761,124.24,34,ALERT
2026-10-02T22:57:12+03:00,OKX,OKX,45.69,47.02,2.911,2.761,124.24,34,ALERT
2026-10-02T22:57:32+03:00,OKX,OKX,45.69,47.02,2.911,2.761,124.24,34,ALERT
2026-10-02T22:58:19+03:00,OKX,OKX,45.69,47.02,2.911,2.761,124.24,34,ALERT
2026-10-02T22:58:41+03:00,OKX,OKX,45.69,47.02,2.911,2.761,124.24,34,ALERT
2026-10-02T22:59:01+03:00,OKX,OKX,45.69,47.02,2.911,2.761,124.24,34,ALERT
2026-10-02T22:59:21+03:00,OKX,OKX,45.69,47.02,2.911,2.761,124.24,34,ALERT
2026-10-02T22:59:41+03:00,OKX,OKX,45.69,47.02,2.911,2.761,124.24,34,ALERT
2026-10-02T23:00:00+03:00,OKX,OKX,45.69,47.02,2.911,2.761,124.24,34,ALERT
2026-10-02T23:00:20+03:00,OKX,OKX,45.69,47.02,2.911,2.761,124.24,34,ALERT
2026-10-02T23:00:39+03:00,OKX,OKX,45.69,47.02,2.911,2.761,124.24,34,ALERT
2026-10-02T23:00:58+03:00,OKX,OKX,45.69,47.02,2.911,2.761,124.24,34,ALERT
2026-10-02T23:01:17+03:00,OKX,OKX,45.69,47.02,2.911,2.761,124.24,34,ALERT
2026-10-02T23:01:37+03:00,OKX,OKX,45.69,47.02,2.911,2.761,124.24,34,ALERT
2026-10-02T23:01:56+03:00,OKX,OKX,45.69,47.02,2.911,2.761,124.24,34,ALERT
2026-10-02T23:02:16+03:00,OKX,OKX,45.69,47.02,2.911,2.761,124.24,34,ALERT
2026-10-02T23:02:35+03:00,OKX,OKX,45.69,47.02,2.911,2.761,124.24,34,ALERT
2026-10-02T23:07:13+03:00,OKX,OKX,45.69,47.02,2.911,2.761,124.24,34,ALERT
2026-10-02T23:07:36+03:00,OKX,OKX,45.69,47.02,2.911,2.761,124.24,34,ALERT
2026-10-02T23:07:55+03:00,OKX,OKX,45.69,47.02,2.911,2.761,124.24,34,ALERT
2026-10-02T23:08:15+03:00,OKX,OKX,45.69,47.02,2.911,2.761,124.24,34,ALERT
2026-10-02T23:08:34+03:00,OKX,OKX,45.69,47.02,2.911,2.761,124.24,34,ALERT
2026-10-02T23:08:53+03:00,OKX,OKX,45.69,47.02,2.911,2.761,124.24,34,ALERT
2026-10-02T23:09:12+03:00,OKX,OKX,45.69,47.02,2.911,2.761,124.24,34,ALERT
2026-10-02T23:09:32+03:00,OKX,OKX,45.69,47.02,2.911,2.761,124.24,34,ALERT
2026-10-02T23:09:51+03:00,OKX,OKX,45.69,47.02,2.911,2.761,124.24,34,ALERT
2026-10-02T23:10:10+03:00,OKX,OKX,45.69,47.02,2.911,2.761,124.24,34,ALERT
2026-10-02T23:10:31+03:00,OKX,OKX,45.69,47.02,2.911,2.761,124.24,34,ALERT
2026-10-02T23:10:50+03:00,OKX,OKX,45.69,47.02,2.911,2.761,124.24,34,ALERT
2026-10-02T23:11:09+03:00,OKX,OKX,45.69,47.02,2.911,2.761,124.24,34,ALERT
2026-10-02T23:11:28+03:00,OKX,OKX,45.69,47.02,2.911,2.761,124.24,34,ALERT
2026-10-02T23:11:47+03:00,OKX,OKX,45.69,47.02,2.911,2.761,124.24,34,ALERT
2026-10-02T23:13:35+03:00,OKX,OKX,45.69,47.02,2.911,2.761,124.24,34,ALERT
2026-10-02T23:13:55+03:00,OKX,OKX,45.69,47.02,2.911,2.761,124.24,34,ALERT
2026-10-02T23:14:14+03:00,OKX,OKX,45.69,47.02,2.911,2.761,124.24,34,ALERT
2026-10-02T23:14:34+03:00,OKX,OKX,45.69,47.02,2.911,2.761,124.24,34,ALERT
2026-10-02T23:14:53+03:00,OKX,OKX,45.69,47.02,2.911,2.761,124.24,34,ALERT
2026-10-02T23:15:13+03:00,OKX,OKX,45.69,47.02,2.911,2.761,124.24,34,ALERT
2026-10-02T23:15:32+03:00,OKX,OKX,45.69,47.02,2.911,2.761,124.24,34,ALERT
2026-10-02T23:15:52+03:00,OKX,OKX,45.8,47.02,2.664,2.514,113.12,34,ALERT
2026-10-02T23:16:24+03:00,OKX,OKX,45.8,47.02,2.664,2.514,113.12,34,ALERT
2026-10-02T23:16:43+03:00,OKX,OKX,45.8,47.02,2.664,2.514,113.12,34,ALERT
2026-10-02T23:17:02+03:00,OKX,OKX,45.8,47.02,2.664,2.514,113.12,34,ALERT
2026-10-02T23:17:21+03:00,OKX,OKX,45.8,47.02,2.664,2.514,113.12,34,ALERT
2026-10-02T23:17:56+03:00,OKX,OKX,45.8,47.02,2.664,2.514,113.12,34,ALERT
2026-10-02T23:18:16+03:00,OKX,OKX,45.8,47.02,2.664,2.514,113.12,34,ALERT
2026-10-02T23:18:35+03:00,OKX,OKX,45.8,47.02,2.664,2.514,113.12,34,ALERT
2026-10-02T23:18:54+03:00,OKX,OKX,45.8,47.02,2.664,2.514,113.12,34,ALERT
2026-10-02T23:19:28+03:00,OKX,OKX,45.8,47.02,2.664,2.514,113.12,34,ALERT
2026-10-02T23:19:48+03:00,OKX,OKX,45.8,47.02,2.664,2.514,113.12,34,ALERT
2026-10-02T23:20:07+03:00,OKX,OKX,45.12,46.4,2.837,2.687,120.91,24,ALERT
2026-10-02T23:20:26+03:00,OKX,OKX,45.12,46.4,2.837,2.687,120.91,24,ALERT
2026-10-02T23:20:45+03:00,OKX,OKX,45.12,46.4,2.837,2.687,120.91,24,ALERT
2026-10-02T23:21:05+03:00,OKX,OKX,45.12,46.4,2.837,2.687,120.91,24,ALERT
2026-10-02T23:21:25+03:00,OKX,OKX,45.12,46.4,2.837,2.687,120.91,24,ALERT
2026-10-02T23:21:44+03:00,OKX,OKX,45.12,46.4,2.837,2.687,120.91,24,ALERT
2026-10-02T23:22:03+03:00,OKX,OKX,45.12,46.4,2.837,2.687,120.91,24,ALERT
2026-10-02T23:22:23+03:00,OKX,OKX,45.12,46.4,2.837,2.687,120.91,24,ALERT
2026-10-02T23:22:42+03:00,OKX,OKX,45.12,46.4,2.837,2.687,120.91,24,ALERT
2026-10-02T23:23:01+03:00,OKX,OKX,45.12,46.4,2.837,2.687,120.91,24,ALERT
2026-10-02T23:23:26+03:00,OKX,OKX,45.12,46.4,2.837,2.687,120.91,24,ALERT
2026-10-02T23:23:47+03:00,OKX,OKX,45.12,46.4,2.837,2.687,120.91,24,ALERT
2026-10-02T23:24:06+03:00,OKX,OKX,45.12,46.4,2.837,2.687,120.91,24,ALERT
2026-10-02T23:24:25+03:00,OKX,OKX,45.12,46.4,2.837,2.687,120.91,24,ALERT
2026-10-02T23:24:56+03:00,OKX,OKX,45.02,46.3,2.843,2.693,121.19,34,ALERT
2026-10-02T23:25:17+03:00,OKX,OKX,45.02,46.3,2.843,2.693,121.19,34,ALERT
2026-10-02T23:25:37+03:00,OKX,OKX,45.02,46.3,2.843,2.693,121.19,34,ALERT
2026-10-02T23:25:56+03:00,OKX,OKX,45.02,46.3,2.843,2.693,121.19,34,ALERT
2026-10-02T23:26:15+03:00,OKX,OKX,45.8,47.02,2.664,2.514,113.12,34,ALERT
2026-10-02T23:26:35+03:00,OKX,OKX,45.8,47.02,2.664,2.514,113.12,34,ALERT
2026-10-02T23:26:54+03:00,OKX,OKX,45.02,46.3,2.843,2.693,121.19,34,ALERT
2026-10-02T23:27:13+03:00,OKX,OKX,45.8,47.02,2.664,2.514,113.12,34,ALERT
2026-10-02T23:27:33+03:00,OKX,OKX,45.8,47.02,2.664,2.514,113.12,34,ALERT
2026-10-02T23:27:53+03:00,OKX,OKX,45.8,47.02,2.664,2.514,113.12,34,ALERT
2026-10-02T23:28:12+03:00,OKX,OKX,45.8,47.02,2.664,2.514,113.12,34,ALERT
2026-10-02T23:28:32+03:00,OKX,OKX,45.8,47.02,2.664,2.514,113.12,34,ALERT
2026-10-02T23:28:51+03:00,OKX,OKX,45.8,47.02,2.664,2.514,113.12,34,ALERT
2026-10-02T23:29:11+03:00,OKX,OKX,45.8,47.02,2.664,2.514,113.12,34,ALERT
2026-10-02T23:31:17+03:00,OKX,OKX,45.8,47.02,2.664,2.514,113.12,34,ALERT
2026-10-02T23:31:36+03:00,OKX,OKX,45.8,47.02,2.664,2.514,113.12,34,ALERT
2026-10-02T23:31:54+03:00,OKX,OKX,45.8,47.02,2.664,2.514,113.12,34,ALERT
2026-10-02T23:32:13+03:00,Bybit,Bybit,45.05,46.29,2.752,2.602,117.11,40,ALERT
2026-10-02T23:32:31+03:00,Bybit,Bybit,45.05,46.29,2.752,2.602,117.11,40,ALERT
2026-10-02T23:32:49+03:00,OKX,OKX,45.8,47.02,2.664,2.514,113.12,34,ALERT
2026-10-02T23:33:08+03:00,OKX,OKX,45.8,47.02,2.664,2.514,113.12,34,ALERT
2026-10-02T23:33:26+03:00,OKX,OKX,45.8,47.02,2.664,2.514,113.12,34,ALERT
2026-10-02T23:33:45+03:00,OKX,OKX,45.8,47.02,2.664,2.514,113.12,34,ALERT
2026-10-02T23:34:03+03:00,OKX,OKX,45.8,47.02,2.664,2.514,113.12,34,ALERT
2026-10-02T23:34:22+03:00,OKX,OKX,45.8,47.02,2.664,2.514,113.12,34,ALERT
2026-10-02T23:34:40+03:00,OKX,OKX,45.8,47.02,2.664,2.514,113.12,34,ALERT
2026-10-02T23:35:20+03:00,Bybit,Bybit,45.15,46.29,2.525,2.375,106.87,40,ALERT
2026-10-02T23:35:40+03:00,Bybit,Bybit,45.15,46.29,2.525,2.375,106.87,40,ALERT
2026-10-02T23:35:58+03:00,Bybit,Bybit,45.15,46.29,2.525,2.375,106.87,40,ALERT
2026-10-02T23:36:17+03:00,Bybit,Bybit,45.15,46.29,2.525,2.375,106.87,40,ALERT
2026-10-02T23:36:35+03:00,Bybit,Bybit,45.15,46.29,2.525,2.375,106.87,40,ALERT
2026-10-02T23:36:54+03:00,Bybit,Bybit,45.15,46.29,2.525,2.375,106.87,40,ALERT
2026-10-02T23:37:12+03:00,Bybit,Bybit,45.15,46.29,2.525,2.375,106.87,40,ALERT
2026-10-02T23:37:31+03:00,Bybit,Bybit,45.15,46.29,2.525,2.375,106.87,40,ALERT
2026-10-02T23:37:49+03:00,Bybit,Bybit,45.15,46.29,2.525,2.375,106.87,40,ALERT
2026-10-02T23:38:07+03:00,Bybit,Bybit,45.15,46.29,2.525,2.375,106.87,40,ALERT
2026-10-02T23:38:25+03:00,Bybit,Bybit,45.15,46.29,2.525,2.375,106.87,40,ALERT
2026-10-02T23:38:43+03:00,Bybit,Bybit,45.15,46.29,2.525,2.375,106.87,40,ALERT
2026-10-02T23:39:02+03:00,MEXC,MEXC,43.96,45.07,2.525,2.375,106.88,43,ALERT
2026-10-02T23:39:21+03:00,MEXC,MEXC,43.96,45.07,2.525,2.375,106.88,43,ALERT
2026-10-02T23:39:39+03:00,MEXC,MEXC,43.96,45.07,2.525,2.375,106.88,43,ALERT
2026-10-02T23:44:14+03:00,MEXC,MEXC,43.96,45.07,2.525,2.375,106.88,43,ALERT
2026-10-02T23:44:34+03:00,MEXC,MEXC,43.96,45.07,2.525,2.375,106.88,43,ALERT
2026-10-02T23:44:53+03:00,MEXC,MEXC,43.96,45.07,2.525,2.375,106.88,43,ALERT
2026-10-02T23:45:13+03:00,MEXC,MEXC,43.96,45.07,2.525,2.375,106.88,43,ALERT
2026-10-02T23:45:32+03:00,MEXC,MEXC,43.96,45.07,2.525,2.375,106.88,43,ALERT
2026-10-02T23:45:52+03:00,MEXC,MEXC,43.96,45.07,2.525,2.375,106.88,43,ALERT
2026-10-02T23:46:11+03:00,MEXC,MEXC,43.96,45.07,2.525,2.375,106.88,43,ALERT
2026-10-02T23:46:32+03:00,MEXC,MEXC,43.96,45.07,2.525,2.375,106.88,43,ALERT
2026-10-02T23:46:51+03:00,Bybit,Bybit,45.0,46.29,2.867,2.717,122.25,40,ALERT
2026-10-02T23:47:10+03:00,Bybit,Bybit,45.0,46.29,2.867,2.717,122.25,40,ALERT
2026-10-02T23:47:30+03:00,Bybit,Bybit,45.0,46.29,2.867,2.717,122.25,40,ALERT
2026-10-02T23:47:49+03:00,Bybit,Bybit,45.0,46.29,2.867,2.717,122.25,40,ALERT
2026-10-02T23:48:09+03:00,Bybit,Bybit,45.0,46.29,2.867,2.717,122.25,40,ALERT
2026-10-02T23:48:29+03:00,Bybit,Bybit,45.0,46.29,2.867,2.717,122.25,40,ALERT
2026-10-02T23:57:08+03:00,OKX,OKX,45.8,47.02,2.664,2.514,113.12,34,ALERT
2026-10-02T23:57:29+03:00,OKX,OKX,45.8,47.02,2.664,2.514,113.12,34,ALERT
2026-10-02T23:57:49+03:00,OKX,OKX,45.8,47.02,2.664,2.514,113.12,34,ALERT
2026-10-02T23:58:09+03:00,Bybit,Bybit,45.0,46.29,2.867,2.717,122.25,40,ALERT
2026-10-02T23:58:30+03:00,Bybit,Bybit,45.0,46.29,2.867,2.717,122.25,40,ALERT
2026-10-02T23:58:49+03:00,OKX,OKX,45.8,47.02,2.664,2.514,113.12,34,ALERT
2026-10-02T23:59:09+03:00,MEXC,MEXC,43.96,45.07,2.525,2.375,106.88,43,ALERT
2026-10-02T23:59:29+03:00,Bybit,Bybit,45.0,46.29,2.867,2.717,122.25,40,ALERT
2026-10-02T23:59:49+03:00,MEXC,MEXC,43.96,45.07,2.525,2.375,106.88,43,ALERT
2026-10-03T00:00:09+03:00,MEXC,MEXC,43.96,45.07,2.525,2.375,106.88,43,ALERT
2026-10-03T00:00:28+03:00,MEXC,MEXC,43.96,45.07,2.525,2.375,106.88,43,ALERT
2026-10-03T00:00:49+03:00,MEXC,MEXC,43.96,45.07,2.525,2.375,106.88,43,ALERT
2026-10-03T00:01:10+03:00,MEXC,MEXC,43.96,45.07,2.525,2.375,106.88,43,ALERT
2026-10-03T00:02:58+03:00,MEXC,MEXC,43.96,45.07,2.525,2.375,106.88,43,ALERT
2026-10-03T00:03:19+03:00,MEXC,MEXC,43.96,45.07,2.525,2.375,106.88,43,ALERT
2026-10-03T00:03:39+03:00,MEXC,MEXC,43.96,45.07,2.525,2.375,106.88,43,ALERT
2026-10-03T00:03:59+03:00,MEXC,MEXC,43.96,45.07,2.525,2.375,106.88,43,ALERT
2026-10-03T00:04:20+03:00,MEXC,MEXC,43.96,45.07,2.525,2.375,106.88,43,ALERT
2026-10-03T00:04:40+03:00,MEXC,MEXC,43.96,45.07,2.525,2.375,106.88,43,ALERT
2026-10-03T00:05:00+03:00,MEXC,MEXC,43.96,45.07,2.525,2.375,106.88,43,ALERT
2026-10-03T00:05:20+03:00,MEXC,MEXC,43.96,45.07,2.525,2.375,106.88,43,ALERT
2026-10-03T00:05:40+03:00,MEXC,MEXC,43.96,45.07,2.525,2.375,106.88,43,ALERT
2026-10-03T00:06:00+03:00,MEXC,MEXC,43.96,45.07,2.525,2.375,106.88,43,ALERT
2026-10-03T00:06:20+03:00,MEXC,MEXC,43.96,45.07,2.525,2.375,106.88,43,ALERT
2026-10-03T00:06:39+03:00,MEXC,MEXC,43.96,45.07,2.525,2.375,106.88,43,ALERT
2026-10-03T00:07:56+03:00,MEXC,MEXC,43.96,45.07,2.525,2.375,106.88,43,ALERT
2026-10-03T00:08:18+03:00,MEXC,MEXC,43.96,45.07,2.525,2.375,106.88,43,ALERT
2026-10-03T00:08:39+03:00,MEXC,MEXC,43.96,45.07,2.525,2.375,106.88,43,ALERT
2026-10-03T00:09:00+03:00,MEXC,MEXC,43.96,45.07,2.525,2.375,106.88,43,ALERT
2026-10-03T00:09:20+03:00,MEXC,MEXC,43.96,45.07,2.525,2.375,106.88,43,ALERT
2026-10-03T00:09:40+03:00,MEXC,MEXC,43.96,45.07,2.525,2.375,106.88,43,ALERT
2026-10-03T00:10:00+03:00,MEXC,MEXC,43.96,45.07,2.525,2.375,106.88,43,ALERT
2026-10-03T00:10:20+03:00,MEXC,MEXC,43.96,45.07,2.525,2.375,106.88,43,ALERT
2026-10-03T00:10:40+03:00,MEXC,MEXC,43.96,45.07,2.525,2.375,106.88,43,ALERT
2026-10-03T00:11:00+03:00,MEXC,MEXC,43.96,45.07,2.525,2.375,106.88,43,ALERT
2026-10-03T00:11:20+03:00,MEXC,MEXC,43.96,45.07,2.525,2.375,106.88,43,ALERT
2026-10-03T00:11:40+03:00,MEXC,MEXC,43.96,45.07,2.525,2.375,106.88,43,ALERT
2026-10-03T00:13:53+03:00,Binance,Binance,46.02,47.4,2.999,2.849,128.19,24,ALERT
2026-10-03T00:14:14+03:00,Binance,Binance,46.02,47.4,2.999,2.849,128.19,24,ALERT
2026-10-03T00:14:35+03:00,Binance,Binance,46.02,47.4,2.999,2.849,128.19,24,ALERT
2026-10-03T00:14:56+03:00,Binance,Binance,46.02,47.4,2.999,2.849,128.19,24,ALERT
2026-10-03T00:15:17+03:00,Binance,Binance,46.02,47.4,2.999,2.849,128.19,24,ALERT
2026-10-03T00:15:38+03:00,Binance,Binance,46.02,47.4,2.999,2.849,128.19,24,ALERT
2026-10-03T00:15:59+03:00,Binance,Binance,46.02,47.4,2.999,2.849,128.19,24,ALERT
2026-10-03T00:16:20+03:00,Binance,Binance,46.02,47.4,2.999,2.849,128.19,24,ALERT
2026-10-03T00:16:41+03:00,Binance,Binance,46.02,47.4,2.999,2.849,128.19,24,ALERT
2026-10-03T00:17:02+03:00,Binance,Binance,46.02,47.4,2.999,2.849,128.19,24,ALERT
2026-10-03T00:17:52+03:00,Binance,Binance,46.02,47.4,2.999,2.849,128.19,24,ALERT
2026-10-03T00:18:13+03:00,Binance,Binance,46.02,47.4,2.999,2.849,128.19,24,ALERT
2026-10-03T00:18:34+03:00,Binance,Binance,46.02,47.4,2.999,2.849,128.19,24,ALERT
2026-10-03T00:18:55+03:00,Binance,Binance,46.02,47.4,2.999,2.849,128.19,24,ALERT
2026-10-03T00:19:15+03:00,Binance,Binance,46.02,47.4,2.999,2.849,128.19,24,ALERT
2026-10-03T00:19:35+03:00,Binance,Binance,46.02,47.4,2.999,2.849,128.19,24,ALERT
2026-10-03T00:19:55+03:00,Binance,Binance,46.02,47.4,2.999,2.849,128.19,24,ALERT
2026-10-03T00:20:42+03:00,Binance,Binance,46.02,47.4,2.999,2.849,128.19,24,ALERT
2026-10-03T00:20:57+03:00,Binance,Binance,46.02,47.4,2.999,2.849,128.19,24,ALERT
2026-10-03T00:21:12+03:00,Binance,Binance,46.02,47.4,2.999,2.849,128.19,24,ALERT
2026-10-03T00:21:27+03:00,Binance,Binance,46.02,47.4,2.999,2.849,128.19,24,ALERT
2026-10-03T00:21:42+03:00,Binance,Binance,46.02,47.4,2.999,2.849,128.19,24,ALERT
2026-10-03T00:21:57+03:00,Binance,Binance,46.02,47.4,2.999,2.849,128.19,24,ALERT
2026-10-03T00:22:12+03:00,Binance,Binance,46.02,47.4,2.999,2.849,128.19,24,ALERT
2026-10-03T00:22:27+03:00,Binance,Binance,46.02,47.4,2.999,2.849,128.19,24,ALERT
2026-10-03T00:22:42+03:00,Binance,Binance,46.02,47.4,2.999,2.849,128.19,24,ALERT
2026-10-03T00:22:57+03:00,Binance,Binance,46.02,47.4,2.999,2.849,128.19,24,ALERT
2026-10-03T00:23:12+03:00,Binance,Binance,46.03,47.41,2.998,2.848,128.16,34,ALERT
2026-10-03T00:23:27+03:00,Binance,Binance,46.03,47.41,2.998,2.848,128.16,34,ALERT
2026-10-03T00:23:42+03:00,Binance,Binance,46.03,47.41,2.998,2.848,128.16,34,ALERT
2026-10-03T00:23:57+03:00,Binance,Binance,46.03,47.41,2.998,2.848,128.16,34,ALERT
2026-10-03T00:24:12+03:00,Binance,Binance,46.03,47.41,2.998,2.848,128.16,34,ALERT
2026-10-03T00:24:44+03:00,Binance,Binance,46.03,47.41,2.998,2.848,128.16,34,ALERT
2026-10-03T00:24:59+03:00,Binance,Binance,46.03,47.41,2.998,2.848,128.16,34,ALERT
2026-10-03T00:25:14+03:00,Binance,Binance,46.03,47.41,2.998,2.848,128.16,34,ALERT
2026-10-03T00:25:29+03:00,Binance,Binance,46.03,47.41,2.998,2.848,128.16,34,ALERT
2026-10-03T00:25:44+03:00,Binance,Binance,46.03,47.41,2.998,2.848,128.16,34,ALERT
2026-10-03T00:25:59+03:00,Binance,Binance,46.03,47.41,2.998,2.848,128.16,34,ALERT
2026-10-03T00:26:14+03:00,Binance,Binance,46.03,47.41,2.998,2.848,128.16,34,ALERT
2026-10-03T00:26:29+03:00,Binance,Binance,46.03,47.41,2.998,2.848,128.16,34,ALERT
2026-10-03T00:26:44+03:00,Binance,Binance,46.03,47.41,2.998,2.848,128.16,34,ALERT
2026-10-03T00:26:59+03:00,Binance,Binance,46.03,47.41,2.998,2.848,128.16,34,ALERT
2026-10-03T00:27:14+03:00,Binance,Binance,46.03,47.41,2.998,2.848,128.16,34,ALERT
2026-10-03T00:27:29+03:00,Binance,Binance,46.03,47.41,2.998,2.848,128.16,34,ALERT
2026-10-03T00:27:44+03:00,Binance,Binance,46.03,47.41,2.998,2.848,128.16,34,ALERT
2026-10-03T00:27:59+03:00,Binance,Binance,46.03,47.41,2.998,2.848,128.16,34,ALERT
2026-10-03T00:28:14+03:00,Binance,Binance,46.03,47.41,2.998,2.848,128.16,34,ALERT
2026-10-03T00:28:29+03:00,Binance,Binance,46.03,47.41,2.998,2.848,128.16,34,ALERT
2026-10-03T00:28:44+03:00,Binance,Binance,46.03,47.41,2.998,2.848,128.16,34,ALERT
2026-10-03T00:28:59+03:00,Binance,Binance,46.03,47.41,2.998,2.848,128.16,34,ALERT
2026-10-03T00:29:14+03:00,Binance,Binance,46.03,47.41,2.998,2.848,128.16,34,ALERT
2026-10-03T00:29:29+03:00,Binance,Binance,46.03,47.41,2.998,2.848,128.16,34,ALERT
2026-10-03T00:29:44+03:00,Binance,Binance,46.03,47.41,2.998,2.848,128.16,34,ALERT
2026-10-03T00:29:59+03:00,Binance,Binance,46.03,47.41,2.998,2.848,128.16,34,ALERT
2026-10-03T00:30:14+03:00,Binance,Binance,46.03,47.41,2.998,2.848,128.16,34,ALERT
2026-10-03T00:32:25+03:00,Binance,Binance,46.03,47.41,2.998,2.848,128.16,34,ALERT
2026-10-03T00:32:40+03:00,Binance,Binance,46.03,47.41,2.998,2.848,128.16,34,ALERT
2026-10-03T00:32:55+03:00,Binance,Binance,46.03,47.41,2.998,2.848,128.16,34,ALERT
2026-10-03T00:33:10+03:00,Binance,Binance,46.03,47.41,2.998,2.848,128.16,34,ALERT
2026-10-03T00:33:25+03:00,Binance,Binance,46.03,47.41,2.998,2.848,128.16,34,ALERT
2026-10-03T00:33:55+03:00,Binance,Binance,46.03,47.41,2.998,2.848,128.16,34,ALERT
2026-10-03T00:34:10+03:00,Binance,Binance,45.69,47.06,2.998,2.848,128.18,24,ALERT
2026-10-03T00:34:25+03:00,Binance,Binance,45.69,47.06,2.998,2.848,128.18,24,ALERT
2026-10-03T00:34:40+03:00,Binance,Binance,45.69,47.06,2.998,2.848,128.18,24,ALERT
2026-10-03T00:34:55+03:00,Binance,Binance,45.69,47.06,2.998,2.848,128.18,24,ALERT
2026-10-03T00:35:10+03:00,Binance,Binance,45.69,47.06,2.998,2.848,128.18,24,ALERT
2026-10-03T00:35:25+03:00,Binance,Binance,45.69,47.06,2.998,2.848,128.18,24,ALERT
2026-10-03T00:35:40+03:00,Binance,Binance,45.69,47.06,2.998,2.848,128.18,24,ALERT
2026-10-03T00:35:55+03:00,Binance,Binance,45.69,47.06,2.998,2.848,128.18,24,ALERT
2026-10-03T00:36:10+03:00,Binance,Binance,45.69,47.06,2.998,2.848,128.18,24,ALERT
2026-10-03T00:36:25+03:00,Binance,Binance,45.69,47.06,2.998,2.848,128.18,24,ALERT
2026-10-03T00:36:40+03:00,Binance,Binance,45.69,47.06,2.998,2.848,128.18,24,ALERT
2026-10-03T00:36:55+03:00,Binance,Binance,45.69,47.06,2.998,2.848,128.18,24,ALERT
2026-10-03T00:37:10+03:00,Binance,Binance,45.69,47.06,2.998,2.848,128.18,24,ALERT
2026-10-03T00:37:58+03:00,Binance,Binance,45.69,47.06,2.998,2.848,,24,ALERT
2026-10-03T00:38:13+03:00,Binance,Binance,45.69,47.06,2.998,2.848,,24,ALERT
2026-10-03T00:38:28+03:00,Binance,Binance,45.69,47.06,2.998,2.848,,24,ALERT
2026-10-03T00:38:43+03:00,Binance,Binance,45.69,47.06,2.998,2.848,,24,ALERT
2026-10-03T00:38:58+03:00,Binance,Binance,45.69,47.06,2.998,2.848,,24,ALERT
2026-10-03T00:39:13+03:00,Binance,Binance,45.69,47.06,2.998,2.848,,24,ALERT
2026-10-03T00:39:28+03:00,Binance,Binance,45.69,47.06,2.998,2.848,,24,ALERT
2026-10-03T00:39:43+03:00,Binance,Binance,45.69,47.06,2.998,2.848,,24,ALERT
2026-10-03T00:39:58+03:00,Binance,Binance,45.69,47.06,2.998,2.848,,24,ALERT
2026-10-03T00:40:13+03:00,Binance,Binance,45.69,47.06,2.998,2.848,,24,ALERT
2026-10-03T00:40:28+03:00,Binance,Binance,45.69,47.06,2.998,2.848,,24,ALERT
2026-10-03T00:40:43+03:00,Binance,Binance,45.69,47.06,2.998,2.848,,24,ALERT
2026-10-03T00:40:58+03:00,Bybit,Binance,46.04,47.42,2.997,2.847,,46,ALERT
2026-10-03T00:41:13+03:00,Bybit,Binance,46.04,47.42,2.997,2.847,,46,ALERT
2026-10-03T00:41:28+03:00,Bybit,Binance,46.04,47.42,2.997,2.847,,46,ALERT
2026-10-03T00:41:53+03:00,Bybit,Binance,46.04,47.42,2.997,2.847,,46,ALERT
2026-10-03T00:42:08+03:00,Bybit,Binance,46.04,47.42,2.997,2.847,,46,ALERT
2026-10-03T00:42:23+03:00,Bybit,Binance,46.04,47.42,2.997,2.847,,46,ALERT
2026-10-03T00:42:38+03:00,Bybit,Binance,46.04,47.42,2.997,2.847,,46,ALERT
2026-10-03T00:42:53+03:00,Bybit,Binance,46.04,47.42,2.997,2.847,,46,ALERT
2026-10-03T00:43:08+03:00,Bybit,Binance,46.04,47.42,2.997,2.847,,46,ALERT
2026-10-03T00:43:23+03:00,Bybit,Binance,46.04,47.42,2.997,2.847,,46,ALERT
2026-10-03T00:43:38+03:00,Bybit,Binance,46.04,47.42,2.997,2.847,,46,ALERT
2026-10-03T00:43:53+03:00,Bybit,Binance,46.04,47.42,2.997,2.847,,46,ALERT
2026-10-03T00:44:08+03:00,Bybit,Binance,46.04,47.42,2.997,2.847,,46,ALERT
2026-10-03T00:44:23+03:00,Bybit,Binance,46.04,47.42,2.997,2.847,,46,ALERT
2026-10-03T00:44:38+03:00,Bybit,Binance,46.04,47.42,2.997,2.847,,46,ALERT
2026-10-03T00:44:53+03:00,Bybit,Binance,46.04,47.42,2.997,2.847,,46,ALERT
2026-10-03T00:45:08+03:00,Bybit,Binance,46.04,47.42,2.997,2.847,,46,ALERT
2026-10-03T00:45:23+03:00,Bybit,Binance,46.04,47.42,2.997,2.847,,46,ALERT
2026-10-03T00:45:38+03:00,Bybit,Binance,46.04,47.42,2.997,2.847,,46,ALERT
2026-10-03T00:45:53+03:00,Bybit,Binance,46.04,47.42,2.997,2.847,,46,ALERT
2026-10-03T00:46:08+03:00,Bybit,Binance,46.04,47.42,2.997,2.847,,46,ALERT
2026-10-03T00:46:23+03:00,Bybit,Binance,46.04,47.42,2.997,2.847,,46,ALERT
2026-10-03T00:46:38+03:00,Bybit,Binance,46.04,47.42,2.997,2.847,,46,ALERT
2026-10-03T00:46:53+03:00,Bybit,Binance,46.04,47.42,2.997,2.847,,46,ALERT
2026-10-03T00:47:08+03:00,Bybit,Binance,46.04,47.42,2.997,2.847,,46,ALERT
2026-10-03T00:47:23+03:00,Bybit,Binance,46.04,47.42,2.997,2.847,,46,ALERT
2026-10-03T00:49:02+03:00,Binance,Binance,45.69,47.06,2.998,2.848,,24,ALERT
2026-10-03T00:49:17+03:00,Binance,Binance,45.68,47.05,2.999,2.849,,24,ALERT
2026-10-03T00:49:32+03:00,Binance,Binance,45.68,47.05,2.999,2.849,,24,ALERT
2026-10-03T00:49:47+03:00,Binance,Binance,45.68,47.05,2.999,2.849,,24,ALERT
2026-10-03T00:50:02+03:00,Binance,Binance,45.68,47.05,2.999,2.849,,24,ALERT
2026-10-03T00:50:34+03:00,Binance,Binance,46.02,47.4,2.999,2.849,,24,ALERT
2026-10-03T00:50:49+03:00,Binance,Binance,46.02,47.4,2.999,2.849,,24,ALERT
2026-10-03T00:51:04+03:00,Binance,Binance,46.02,47.4,2.999,2.849,,24,ALERT
2026-10-03T00:51:19+03:00,Binance,Binance,46.02,47.4,2.999,2.849,,24,ALERT
2026-10-03T00:51:34+03:00,Binance,Binance,46.02,47.4,2.999,2.849,,24,ALERT
2026-10-03T00:52:06+03:00,Binance,Binance,46.02,47.4,2.999,2.849,,24,ALERT
2026-10-03T00:52:21+03:00,Binance,Binance,46.02,47.4,2.999,2.849,,24,ALERT
2026-10-03T00:52:36+03:00,Binance,Binance,46.02,47.4,2.999,2.849,,24,ALERT
2026-10-03T00:52:51+03:00,Binance,Binance,46.02,47.4,2.999,2.849,,24,ALERT
2026-10-03T00:53:06+03:00,Binance,Binance,46.02,47.4,2.999,2.849,,24,ALERT
2026-10-03T00:53:37+03:00,OKX,Binance,44.5,47.9,7.64,7.49,,52,REVIEW
2026-10-03T00:53:52+03:00,OKX,Binance,44.5,47.9,7.64,7.49,,52,REVIEW
2026-10-03T00:54:07+03:00,OKX,Binance,44.5,47.9,7.64,7.49,,52,REVIEW
2026-10-03T00:54:22+03:00,OKX,Binance,44.5,47.9,7.64,7.49,,52,REVIEW
2026-10-03T00:54:37+03:00,OKX,Binance,44.5,47.9,7.64,7.49,,52,REVIEW
2026-10-03T00:55:09+03:00,OKX,Binance,44.5,47.9,7.64,7.49,,52,REVIEW
2026-10-03T00:55:24+03:00,OKX,Binance,44.5,47.9,7.64,7.49,,52,REVIEW
2026-10-03T00:55:39+03:00,OKX,Binance,44.5,47.9,7.64,7.49,,52,REVIEW
2026-10-03T00:55:54+03:00,OKX,Binance,44.5,47.9,7.64,7.49,,52,REVIEW
2026-10-03T00:56:09+03:00,OKX,Binance,44.5,47.9,7.64,7.49,,52,REVIEW
2026-10-03T00:56:24+03:00,OKX,Binance,44.5,47.9,7.64,7.49,,52,REVIEW
2026-10-03T00:56:39+03:00,OKX,Binance,44.5,47.9,7.64,7.49,,52,REVIEW
2026-10-03T00:56:54+03:00,OKX,Binance,44.5,47.9,7.64,7.49,,52,REVIEW
2026-10-03T00:57:09+03:00,Binance,Binance,45.14,47.9,6.114,5.964,,46,REVIEW
2026-10-03T00:57:24+03:00,Binance,Binance,45.14,47.9,6.114,5.964,,46,REVIEW
2026-10-03T00:57:56+03:00,Binance,Binance,45.14,47.9,6.114,5.964,,46,REVIEW
2026-10-03T00:58:11+03:00,Binance,Binance,45.14,47.9,6.114,5.964,,46,REVIEW
2026-10-03T00:58:26+03:00,Binance,Binance,45.14,47.9,6.114,5.964,,46,REVIEW
2026-10-03T00:58:41+03:00,Binance,Binance,45.14,47.9,6.114,5.964,,46,REVIEW
2026-10-03T00:58:56+03:00,Bybit,Binance,44.8,47.9,6.92,6.77,,58,REVIEW
2026-10-03T00:59:11+03:00,Binance,Binance,45.14,47.9,6.114,5.964,,46,REVIEW
2026-10-03T00:59:26+03:00,Bybit,Binance,45.65,47.9,4.929,4.779,,58,REVIEW
2026-10-03T00:59:41+03:00,Bybit,Binance,45.65,47.9,4.929,4.779,,58,REVIEW
2026-10-03T00:59:56+03:00,Bybit,Binance,45.65,47.9,4.929,4.779,,58,REVIEW
2026-10-03T01:00:11+03:00,Bybit,Binance,45.65,47.9,4.929,4.779,,58,REVIEW
2026-10-03T01:00:26+03:00,Bybit,Binance,45.65,47.9,4.929,4.779,,58,REVIEW
2026-10-03T01:00:41+03:00,Binance,Binance,45.6,47.9,5.044,4.894,,46,REVIEW
2026-10-03T01:00:56+03:00,Binance,Binance,45.14,47.9,6.114,5.964,,46,REVIEW
2026-10-03T01:01:11+03:00,Binance,Binance,45.14,47.9,6.114,5.964,,46,REVIEW
2026-10-03T01:01:26+03:00,Binance,Binance,45.55,47.85,5.049,4.899,,36,REVIEW
2026-10-03T01:01:55+03:00,Binance,Binance,45.14,47.7,5.671,5.521,,36,REVIEW
2026-10-03T01:02:10+03:00,Binance,Binance,45.41,47.7,5.043,4.893,,36,REVIEW
2026-10-03T01:02:25+03:00,Binance,Binance,45.41,47.7,5.043,4.893,,36,REVIEW
2026-10-03T01:02:40+03:00,Binance,Binance,45.41,47.7,5.043,4.893,,36,REVIEW
2026-10-03T01:02:55+03:00,Binance,Binance,45.41,47.7,5.043,4.893,,36,REVIEW
2026-10-03T01:03:10+03:00,Binance,Binance,45.41,47.7,5.043,4.893,,36,REVIEW
2026-10-03T01:03:25+03:00,Binance,Binance,45.4,47.62,4.89,4.74,,36,REVIEW
2026-10-03T01:03:40+03:00,Binance,Binance,45.4,47.62,4.89,4.74,,36,REVIEW
2026-10-03T01:03:55+03:00,Binance,Binance,45.4,47.7,5.066,4.916,,46,REVIEW
2026-10-03T01:04:10+03:00,Binance,Binance,45.24,47.7,5.438,5.288,,36,REVIEW
2026-10-03T01:04:25+03:00,Binance,Binance,45.24,47.7,5.438,5.288,,36,REVIEW
2026-10-03T01:04:40+03:00,Binance,Binance,45.24,47.7,5.438,5.288,,36,REVIEW
2026-10-03T01:04:55+03:00,Binance,Binance,45.24,47.7,5.438,5.288,,36,REVIEW
2026-10-03T01:05:10+03:00,Binance,Binance,45.24,47.7,5.438,5.288,,36,REVIEW
2026-10-03T01:05:25+03:00,Binance,Binance,45.24,47.7,5.438,5.288,,36,REVIEW
2026-10-03T01:05:40+03:00,Binance,Binance,45.24,47.7,5.438,5.288,,36,REVIEW
2026-10-03T01:05:55+03:00,Binance,Binance,45.24,47.7,5.438,5.288,,36,REVIEW
2026-10-03T01:06:10+03:00,Binance,Binance,45.24,47.7,5.438,5.288,,36,REVIEW
2026-10-03T01:06:25+03:00,Binance,Binance,45.24,47.7,5.438,5.288,,36,REVIEW
2026-10-03T01:06:40+03:00,Binance,Binance,45.1,47.7,5.765,5.615,,36,REVIEW
2026-10-03T01:06:55+03:00,Binance,Binance,45.1,47.7,5.765,5.615,,36,REVIEW
2026-10-03T01:07:10+03:00,Binance,Binance,45.24,47.7,5.438,5.288,,36,REVIEW
2026-10-03T01:07:25+03:00,Binance,Binance,45.24,47.7,5.438,5.288,,36,REVIEW
2026-10-03T01:08:49+03:00,Binance,Binance,45.24,47.74,5.526,5.376,,36,REVIEW
2026-10-03T01:09:04+03:00,Binance,Binance,45.24,47.74,5.526,5.376,,36,REVIEW
2026-10-03T01:09:19+03:00,Binance,Binance,45.24,47.74,5.526,5.376,,36,REVIEW
2026-10-03T01:09:34+03:00,Binance,Binance,45.24,47.74,5.526,5.376,,36,REVIEW
2026-10-03T01:09:49+03:00,Binance,Binance,45.24,47.74,5.526,5.376,,36,REVIEW
2026-10-03T01:10:20+03:00,Binance,Binance,45.24,47.74,5.526,5.376,,36,REVIEW
2026-10-03T01:10:35+03:00,Binance,Binance,45.24,47.74,5.526,5.376,,36,REVIEW
2026-10-03T01:10:50+03:00,Binance,Binance,45.24,47.74,5.526,5.376,,36,REVIEW
2026-10-03T01:11:05+03:00,Binance,Binance,45.24,47.74,5.526,5.376,,36,REVIEW
2026-10-03T01:11:20+03:00,Binance,Binance,45.51,47.74,4.9,4.75,,36,REVIEW
2026-10-03T01:12:01+03:00,Binance,Binance,45.51,47.74,4.9,4.75,,36,REVIEW
2026-10-03T01:12:16+03:00,Binance,Binance,45.51,47.74,4.9,4.75,,36,REVIEW
2026-10-03T01:12:31+03:00,Binance,Binance,45.51,47.74,4.9,4.75,,36,REVIEW
2026-10-03T01:12:46+03:00,Binance,Binance,45.5,47.73,4.901,4.751,,36,REVIEW
2026-10-03T01:13:01+03:00,Binance,Binance,45.5,47.73,4.901,4.751,,36,REVIEW
2026-10-03T01:13:16+03:00,Binance,Binance,45.24,47.74,5.526,5.376,,36,REVIEW
2026-10-03T01:13:31+03:00,Binance,Binance,45.24,47.74,5.526,5.376,,36,REVIEW
2026-10-03T01:13:46+03:00,Binance,Binance,45.24,47.74,5.526,5.376,,36,REVIEW
2026-10-03T01:14:01+03:00,Binance,Binance,45.24,47.74,5.526,5.376,,36,REVIEW
2026-10-03T01:14:16+03:00,Binance,Binance,45.24,47.74,5.526,5.376,,36,REVIEW
2026-10-03T01:14:31+03:00,Binance,Binance,45.5,47.73,4.901,4.751,,36,REVIEW
2026-10-03T01:14:46+03:00,Binance,Binance,45.5,47.73,4.901,4.751,,36,REVIEW
2026-10-03T01:15:01+03:00,Binance,Binance,45.5,47.73,4.901,4.751,,36,REVIEW
2026-10-03T01:15:16+03:00,Binance,Binance,45.5,47.73,4.901,4.751,,36,REVIEW
2026-10-03T01:15:31+03:00,Binance,Binance,45.48,47.74,4.969,4.819,,36,REVIEW
2026-10-03T01:16:02+03:00,Binance,Binance,45.23,47.74,5.549,5.399,,36,REVIEW
2026-10-03T01:16:17+03:00,Binance,Binance,45.48,47.74,4.969,4.819,,36,REVIEW
2026-10-03T01:16:32+03:00,Binance,Binance,45.48,47.74,4.969,4.819,,36,REVIEW
2026-10-03T01:16:47+03:00,Binance,Binance,45.47,47.73,4.97,4.82,,36,REVIEW
2026-10-03T01:17:02+03:00,Binance,Binance,45.49,47.73,4.924,4.774,,36,REVIEW
2026-10-03T01:17:17+03:00,Binance,Binance,45.49,47.73,4.924,4.774,,36,REVIEW
2026-10-03T01:17:32+03:00,Binance,Binance,45.24,47.74,5.526,5.376,,36,REVIEW
2026-10-03T01:17:47+03:00,Binance,Binance,45.24,47.74,5.526,5.376,,36,REVIEW
2026-10-03T01:18:02+03:00,Binance,Binance,45.24,47.74,5.526,5.376,,36,REVIEW
2026-10-03T01:18:17+03:00,Binance,Binance,45.24,47.74,5.526,5.376,,36,REVIEW
2026-10-03T01:18:32+03:00,Binance,Binance,45.24,47.74,5.526,5.376,,36,REVIEW
2026-10-03T01:18:47+03:00,Binance,Binance,45.45,47.73,5.017,4.867,,36,REVIEW
2026-10-03T01:19:02+03:00,Binance,Binance,45.44,47.73,5.04,4.89,,36,REVIEW
2026-10-03T01:19:17+03:00,Binance,Binance,45.44,47.73,5.04,4.89,,36,REVIEW
2026-10-03T01:19:32+03:00,Binance,Binance,45.24,47.74,5.526,5.376,,36,REVIEW
2026-10-03T01:19:47+03:00,Binance,Binance,45.44,47.73,5.04,4.89,,36,REVIEW
2026-10-03T01:20:02+03:00,Binance,Binance,45.29,47.74,5.41,5.26,,36,REVIEW
2026-10-03T01:20:17+03:00,Binance,Binance,45.24,47.74,5.526,5.376,,36,REVIEW
2026-10-03T01:20:32+03:00,Binance,Binance,45.23,47.74,5.549,5.399,,36,REVIEW
2026-10-03T01:20:47+03:00,Binance,Binance,45.29,47.74,5.41,5.26,,36,REVIEW
2026-10-03T01:21:02+03:00,Binance,Binance,45.29,47.74,5.41,5.26,,36,REVIEW
2026-10-03T01:21:17+03:00,Binance,Binance,45.18,47.74,5.666,5.516,,36,REVIEW
2026-10-03T01:21:32+03:00,Binance,Binance,45.19,47.74,5.643,5.493,,36,REVIEW
2026-10-03T01:23:53+03:00,Binance,Binance,45.45,47.73,5.017,4.867,,36,REVIEW
2026-10-03T01:24:08+03:00,Binance,Binance,45.29,47.73,5.388,5.238,,36,REVIEW
2026-10-03T01:24:23+03:00,Binance,Binance,45.19,47.74,5.643,5.493,,36,REVIEW
2026-10-03T01:24:38+03:00,Binance,Binance,45.19,47.74,5.643,5.493,,36,REVIEW
2026-10-03T01:24:53+03:00,Binance,Binance,45.19,47.74,5.643,5.493,,36,REVIEW
2026-10-03T01:25:08+03:00,Binance,Binance,45.19,47.74,5.643,5.493,,36,REVIEW
2026-10-03T01:25:23+03:00,Binance,Binance,45.19,47.74,5.643,5.493,,36,REVIEW
2026-10-03T01:25:38+03:00,Binance,Binance,45.19,47.74,5.643,5.493,,36,REVIEW
2026-10-03T01:25:53+03:00,Binance,Binance,45.19,47.74,5.643,5.493,,36,REVIEW
2026-10-03T01:26:08+03:00,Binance,Binance,45.19,47.74,5.643,5.493,,36,REVIEW
2026-10-03T01:26:23+03:00,Binance,Binance,45.19,47.74,5.643,5.493,,36,REVIEW
2026-10-03T01:26:38+03:00,Binance,Binance,45.19,47.74,5.643,5.493,,36,REVIEW
2026-10-03T01:26:53+03:00,Binance,Binance,45.39,47.74,5.177,5.027,,36,REVIEW
2026-10-03T01:27:08+03:00,Binance,Binance,45.39,47.64,4.957,4.807,,36,REVIEW
2026-10-03T01:27:23+03:00,Binance,Binance,45.39,47.64,4.957,4.807,,36,REVIEW
2026-10-03T01:27:38+03:00,Binance,Binance,45.19,47.64,5.422,5.272,,36,REVIEW
2026-10-03T01:27:53+03:00,Binance,Binance,45.19,47.64,5.422,5.272,,36,REVIEW
2026-10-03T01:28:08+03:00,Binance,Binance,45.19,47.64,5.422,5.272,,36,REVIEW
2026-10-03T01:28:23+03:00,Binance,Binance,45.46,47.64,4.795,4.645,,36,REVIEW
2026-10-03T01:28:38+03:00,Binance,Binance,45.19,47.64,5.422,5.272,,36,REVIEW
2026-10-03T01:28:53+03:00,Binance,Binance,45.46,47.64,4.795,4.645,,36,REVIEW
2026-10-03T01:29:08+03:00,Binance,Binance,45.46,47.64,4.795,4.645,,36,REVIEW
2026-10-03T01:29:23+03:00,Binance,Binance,45.46,47.64,4.795,4.645,,36,REVIEW
2026-10-03T02:18:21+03:00,Binance,Binance,45.1,47.5,5.322,5.172,,36,REVIEW
2026-10-03T02:18:36+03:00,Binance,Binance,45.29,47.5,4.88,4.73,,36,REVIEW
2026-10-03T02:18:51+03:00,Binance,Binance,45.28,47.62,5.168,5.018,,36,REVIEW
2026-10-03T02:19:06+03:00,Binance,Binance,45.28,47.62,5.168,5.018,,36,REVIEW
2026-10-03T02:19:21+03:00,Binance,Binance,45.27,47.63,5.213,5.063,,36,REVIEW
2026-10-03T02:19:36+03:00,Binance,Binance,45.29,47.63,5.167,5.017,,36,REVIEW
2026-10-03T02:19:51+03:00,Binance,Binance,45.29,47.63,5.167,5.017,,36,REVIEW
2026-10-03T02:20:06+03:00,Binance,Binance,45.29,47.63,5.167,5.017,,36,REVIEW
2026-10-03T02:20:21+03:00,Binance,Binance,45.29,47.63,5.167,5.017,,36,REVIEW
2026-10-03T02:20:36+03:00,Binance,Binance,45.29,47.63,5.167,5.017,,36,REVIEW
2026-10-03T02:20:51+03:00,Binance,Binance,45.29,47.63,5.167,5.017,,36,REVIEW
2026-10-03T02:21:06+03:00,Binance,Binance,45.29,47.63,5.167,5.017,,36,REVIEW
2026-10-03T02:21:21+03:00,Binance,Binance,45.29,47.63,5.167,5.017,,36,REVIEW
2026-10-03T02:21:36+03:00,Binance,Binance,45.29,47.63,5.167,5.017,,36,REVIEW
2026-10-03T02:21:51+03:00,Binance,Binance,45.29,47.63,5.167,5.017,,36,REVIEW
2026-10-03T02:22:06+03:00,Binance,Binance,45.29,47.63,5.167,5.017,,36,REVIEW
2026-10-03T02:22:21+03:00,Binance,Binance,45.29,47.63,5.167,5.017,,36,REVIEW
2026-10-03T02:22:36+03:00,Binance,Binance,45.29,47.63,5.167,5.017,,36,REVIEW
2026-10-03T02:22:51+03:00,Binance,Binance,45.29,47.63,5.167,5.017,,36,REVIEW
2026-10-03T02:23:06+03:00,Binance,Binance,45.29,47.63,5.167,5.017,,36,REVIEW
2026-10-03T02:23:21+03:00,Binance,Binance,45.29,47.63,5.167,5.017,,36,REVIEW
2026-10-03T02:23:36+03:00,Binance,Binance,45.29,47.63,5.167,5.017,,36,REVIEW
2026-10-03T02:23:51+03:00,Binance,Binance,45.29,47.63,5.167,5.017,,36,REVIEW
2026-10-03T05:06:13+03:00,Binance,Binance,45.39,47.45,4.538,4.388,,36,REVIEW
2026-10-03T05:06:28+03:00,Binance,Binance,45.39,47.45,4.538,4.388,,36,REVIEW
2026-10-03T05:06:43+03:00,Binance,Binance,45.39,47.45,4.538,4.388,,36,REVIEW
2026-10-03T05:06:58+03:00,Binance,Binance,45.39,47.45,4.538,4.388,,36,REVIEW
2026-10-03T05:07:13+03:00,Binance,Binance,45.39,47.45,4.538,4.388,,36,REVIEW
2026-10-03T05:07:28+03:00,Binance,Binance,45.39,47.45,4.538,4.388,,36,REVIEW
2026-10-03T05:07:43+03:00,Binance,Binance,45.39,47.45,4.538,4.388,,36,REVIEW
2026-10-03T05:07:58+03:00,Binance,Binance,45.39,47.45,4.538,4.388,,36,REVIEW
2026-10-03T05:08:13+03:00,Binance,Binance,45.39,47.45,4.538,4.388,,36,REVIEW
2026-10-03T05:08:28+03:00,Binance,Binance,45.39,47.45,4.538,4.388,,36,REVIEW
2026-10-03T05:08:43+03:00,Binance,Binance,45.38,47.45,4.561,4.411,,36,REVIEW
2026-10-03T05:08:58+03:00,Binance,Binance,45.39,47.45,4.538,4.388,,36,REVIEW
2026-10-03T05:09:13+03:00,Binance,Binance,45.39,47.45,4.538,4.388,,36,REVIEW
2026-10-03T05:09:28+03:00,Binance,Binance,45.39,47.45,4.538,4.388,,36,REVIEW
2026-10-03T05:09:43+03:00,Binance,Binance,45.39,47.45,4.538,4.388,,36,REVIEW
2026-10-03T05:09:58+03:00,Binance,Binance,45.39,47.45,4.538,4.388,,36,REVIEW
2026-10-03T05:10:13+03:00,Binance,Binance,45.39,47.45,4.538,4.388,,36,REVIEW
2026-10-03T05:10:28+03:00,Binance,Binance,45.29,47.45,4.769,4.619,,36,REVIEW
2026-10-03T05:10:43+03:00,Binance,Binance,45.29,47.45,4.769,4.619,,36,REVIEW
2026-10-03T05:10:58+03:00,Binance,Binance,45.29,47.45,4.769,4.619,,36,REVIEW
2026-10-03T05:11:13+03:00,Binance,Binance,45.29,47.45,4.769,4.619,,36,REVIEW
2026-10-03T05:11:28+03:00,Binance,Binance,45.29,47.45,4.769,4.619,,36,REVIEW
2026-10-03T05:11:43+03:00,Binance,Binance,45.29,47.45,4.769,4.619,,36,REVIEW
2026-10-03T11:02:19+03:00,MEXC,Binance,43.96,49.0,11.465,11.315,,61,REVIEW
2026-10-03T11:02:34+03:00,MEXC,Binance,43.96,49.0,11.465,11.315,,61,REVIEW
2026-10-03T11:02:49+03:00,MEXC,Binance,43.96,49.0,11.465,11.315,,61,REVIEW
2026-10-03T11:03:04+03:00,MEXC,Binance,43.96,49.0,11.465,11.315,,61,REVIEW
2026-10-03T11:03:19+03:00,MEXC,Binance,43.96,49.0,11.465,11.315,,61,REVIEW
2026-10-03T11:03:34+03:00,MEXC,Binance,43.96,49.0,11.465,11.315,,61,REVIEW
2026-10-03T11:03:49+03:00,MEXC,Binance,43.96,49.0,11.465,11.315,,61,REVIEW
2026-10-03T11:04:04+03:00,MEXC,Binance,43.96,49.0,11.465,11.315,,61,REVIEW
2026-10-03T11:04:19+03:00,MEXC,Binance,43.96,49.0,11.465,11.315,,61,REVIEW
2026-10-03T11:04:34+03:00,MEXC,Binance,43.96,49.0,11.465,11.315,,61,REVIEW
2026-10-03T11:04:49+03:00,MEXC,Binance,43.96,49.0,11.465,11.315,,61,REVIEW
2026-10-03T11:05:04+03:00,MEXC,Binance,43.96,49.0,11.465,11.315,,61,REVIEW
2026-10-03T11:05:19+03:00,MEXC,Binance,43.96,49.0,11.465,11.315,,61,REVIEW
2026-10-03T11:05:34+03:00,MEXC,Binance,43.96,49.0,11.465,11.315,,61,REVIEW
2026-10-03T11:05:49+03:00,MEXC,Binance,43.96,49.0,11.465,11.315,,61,REVIEW
2026-10-03T11:06:04+03:00,MEXC,Binance,43.96,49.0,11.465,11.315,,61,REVIEW
2026-10-03T11:06:19+03:00,MEXC,Binance,43.96,49.0,11.465,11.315,,61,REVIEW
2026-10-03T11:06:34+03:00,MEXC,Binance,43.96,49.0,11.465,11.315,,61,REVIEW
2026-10-03T11:06:49+03:00,MEXC,Binance,43.96,49.0,11.465,11.315,,61,REVIEW
2026-10-03T11:07:04+03:00,MEXC,Binance,43.96,49.0,11.465,11.315,,61,REVIEW
2026-10-03T11:07:19+03:00,MEXC,Binance,43.96,49.0,11.465,11.315,,61,REVIEW
2026-10-03T11:07:34+03:00,MEXC,Binance,43.96,49.0,11.465,11.315,,61,REVIEW
2026-10-03T11:07:49+03:00,MEXC,Binance,43.96,49.0,11.465,11.315,,61,REVIEW
2026-10-03T15:17:45+03:00,MEXC,Bybit,42.8,47.77,11.612,11.462,,61,REVIEW
2026-10-03T15:18:00+03:00,MEXC,Bybit,42.8,47.77,11.612,11.462,,61,REVIEW
2026-10-03T15:18:15+03:00,MEXC,Bybit,42.8,47.77,11.612,11.462,,61,REVIEW
2026-10-03T15:18:30+03:00,MEXC,Bybit,42.8,47.77,11.612,11.462,,61,REVIEW
2026-10-03T15:18:45+03:00,MEXC,Bybit,42.8,47.77,11.612,11.462,,61,REVIEW
2026-10-03T15:19:00+03:00,MEXC,Bybit,42.8,47.77,11.612,11.462,,61,REVIEW
2026-10-03T15:19:15+03:00,MEXC,Bybit,42.8,47.77,11.612,11.462,,61,REVIEW
2026-10-03T15:19:30+03:00,MEXC,Bybit,42.8,47.77,11.612,11.462,,61,REVIEW
2026-10-03T15:19:45+03:00,MEXC,Bybit,42.8,47.77,11.612,11.462,,61,REVIEW
2026-10-03T15:20:00+03:00,MEXC,Bybit,42.8,47.77,11.612,11.462,,61,REVIEW
2026-10-03T15:20:15+03:00,MEXC,Bybit,42.8,47.77,11.612,11.462,,61,REVIEW
2026-10-03T15:20:30+03:00,MEXC,Bybit,42.8,47.77,11.612,11.462,,61,REVIEW
2026-10-03T15:20:45+03:00,MEXC,Bybit,42.8,47.77,11.612,11.462,,61,REVIEW
2026-10-03T15:21:00+03:00,MEXC,Bybit,42.8,47.77,11.612,11.462,,61,REVIEW
2026-10-03T15:21:15+03:00,MEXC,Bybit,42.8,47.77,11.612,11.462,,61,REVIEW
2026-10-03T15:21:30+03:00,MEXC,Bybit,42.8,47.77,11.612,11.462,,61,REVIEW
2026-10-03T15:21:45+03:00,MEXC,Bybit,42.8,47.77,11.612,11.462,,61,REVIEW
2026-10-03T15:22:00+03:00,MEXC,Bybit,42.8,47.77,11.612,11.462,,61,REVIEW
2026-10-03T15:22:15+03:00,MEXC,Bybit,42.8,47.77,11.612,11.462,,61,REVIEW
2026-10-03T15:22:30+03:00,MEXC,Bybit,42.8,47.77,11.612,11.462,,61,REVIEW
2026-10-03T15:22:45+03:00,MEXC,Bybit,42.8,47.77,11.612,11.462,,61,REVIEW
2026-10-03T15:23:00+03:00,MEXC,Bybit,42.8,47.77,11.612,11.462,,61,REVIEW
2026-10-03T15:23:15+03:00,MEXC,Bybit,42.8,47.77,11.612,11.462,,61,REVIEW
